"","Date","AmericanMembersJoining"
"1","1994-07-04",1
"2","1996-11-04",1
"3","2001-08-23",1
"69","2001-11-01",1
"121","2001-12-25",1
"286","2002-06-08",1
"347","2002-08-08",1
"459","2002-11-29",1
"470","2002-12-11",1
"471","2002-12-12",1
"475","2002-12-18",1
"476","2002-12-19",1
"480","2002-12-24",1
"481","2002-12-28",1
"482","2003-01-01",1
"485","2003-01-04",1
"487","2003-01-07",1
"488","2003-01-08",1
"502","2003-01-24",1
"525","2003-02-16",1
"527","2003-02-19",1
"543","2003-03-07",1
"632","2003-06-06",1
"659","2003-07-03",1
"839","2004-01-13",1
"840","2004-01-14",1
"850","2004-01-24",1
"856","2004-01-30",1
"878","2004-02-22",1
"879","2004-02-23",1
"880","2004-02-24",1
"894","2004-03-09",1
"898","2004-03-13",1
"909","2004-03-24",1
"911","2004-03-27",1
"916","2004-04-01",1
"922","2004-04-07",1
"925","2004-04-10",1
"926","2004-04-11",1
"929","2004-04-14",1
"937","2004-04-22",1
"948","2004-05-04",1
"955","2004-05-11",1
"967","2004-05-23",1
"974","2004-05-30",1
"1001","2004-06-27",1
"1006","2004-07-02",1
"1023","2004-07-19",1
"1039","2004-08-04",1
"1043","2004-08-09",1
"1045","2004-08-11",1
"1050","2004-08-17",1
"1065","2004-09-02",1
"1072","2004-09-10",1
"1075","2004-09-13",1
"1099","2004-10-09",1
"1103","2004-10-13",1
"1105","2004-10-15",1
"1111","2004-10-21",1
"1125","2004-11-04",1
"1128","2004-11-07",1
"1182","2005-01-02",1
"1270","2005-04-02",1
"1297","2005-04-29",1
"1309","2005-05-11",1
"1322","2005-05-24",1
"1402","2005-08-12",1
"1445","2005-09-24",1
"1481","2005-10-30",1
"1521","2005-12-09",1
"1569","2006-01-27",1
"1582","2006-02-09",1
"1629","2006-03-30",1
"1635","2006-04-05",1
"1638","2006-04-08",1
"1639","2006-04-09",1
"1643","2006-04-13",1
"1702","2006-06-11",1
"1720","2006-06-30",1
"1730","2006-07-10",1
"1736","2006-07-16",1
"1746","2006-07-26",1
"1748","2006-07-28",1
"1771","2006-08-20",1
"1777","2006-08-26",1
"1779","2006-08-28",1
"1781","2006-09-01",1
"1789","2006-09-09",1
"1794","2006-09-15",1
"1800","2006-09-21",1
"1806","2006-09-27",1
"1819","2006-10-10",1
"1828","2006-10-19",1
"1830","2006-10-21",1
"1833","2006-10-25",1
"1834","2006-10-26",1
"1838","2006-10-30",1
"1847","2006-11-08",1
"1851","2006-11-12",1
"1854","2006-11-15",1
"1865","2006-11-28",1
"1868","2006-12-01",1
"1869","2006-12-02",1
"1889","2006-12-24",1
"1890","2006-12-25",1
"1891","2006-12-26",1
"1895","2006-12-30",1
"1897","2007-01-01",1
"1929","2007-02-03",1
"1934","2007-02-08",1
"1939","2007-02-13",1
"1948","2007-02-22",1
"1968","2007-03-14",1
"1975","2007-03-22",1
"1978","2007-03-25",1
"2004","2007-04-21",1
"2011","2007-04-28",1
"2013","2007-04-30",1
"2015","2007-05-02",1
"2016","2007-05-03",1
"2023","2007-05-10",1
"2024","2007-05-11",1
"2032","2007-05-19",1
"2040","2007-05-28",1
"2044","2007-06-01",1
"2050","2007-06-08",1
"2053","2007-06-11",1
"2063","2007-06-21",1
"2065","2007-06-23",1
"2067","2007-06-25",1
"2090","2007-07-20",1
"2094","2007-07-24",1
"2116","2007-08-18",1
"2123","2007-08-26",1
"2127","2007-08-30",1
"2129","2007-09-01",1
"2135","2007-09-09",1
"2136","2007-09-10",1
"2140","2007-09-15",1
"2144","2007-09-20",1
"2153","2007-09-29",1
"2170","2007-10-18",1
"2180","2007-10-28",1
"2213","2007-11-30",1
"2218","2007-12-05",1
"2254","2008-01-13",1
"2277","2008-02-05",1
"2284","2008-02-12",1
"2289","2008-02-22",1
"2292","2008-02-25",1
"2308","2008-03-12",1
"2321","2008-03-26",1
"2330","2008-04-04",1
"2337","2008-04-11",1
"2338","2008-04-12",1
"2340","2008-04-14",1
"2380","2008-05-27",1
"2383","2008-05-30",1
"2387","2008-06-03",1
"2389","2008-06-05",1
"2400","2008-06-16",1
"2412","2008-06-28",1
"2413","2008-06-29",1
"2433","2008-07-19",1
"2453","2008-08-08",1
"2644","2009-02-15",1
"2649","2009-02-20",1
"2690","2009-04-02",1
"2841","2009-08-31",1
"2901","2009-10-31",1
"2991","2010-01-29",1
"3046","2010-03-25",1
"3168","2010-07-27",1
"3226","2010-09-24",1
"3229","2010-09-27",1
"3271","2010-11-09",1
"3295","2010-12-03",1
"3370","2011-02-16",1
"3403","2011-03-22",1
"3405","2011-03-24",1
"3424","2011-04-12",1
"3447","2011-05-05",1
"3473","2011-05-31",1
"3483","2011-06-10",1
"3503","2011-06-30",1
"3539","2011-08-05",1
"3550","2011-08-16",1
"3555","2011-08-21",1
"3602","2011-10-08",1
"3604","2011-10-10",1
"3606","2011-10-12",1
"3612","2011-10-18",1
"3621","2011-10-27",1
"3626","2011-11-01",1
"3706","2012-01-21",1
"3707","2012-01-22",1
"3711","2012-01-26",1
"3724","2012-02-11",1
"3744","2012-03-02",1
"3746","2012-03-04",1
"3803","2012-05-02",1
"3804","2012-05-03",1
"3805","2012-05-04",1
"3831","2012-05-30",1
"3842","2012-06-10",1
"3846","2012-06-14",1
"3872","2012-07-13",1
"3883","2012-07-25",1
"3889","2012-07-31",1
"3900","2012-08-11",1
"3916","2012-08-27",1
"3920","2012-08-31",1
"3931","2012-09-11",1
"3956","2012-10-06",1
"3967","2012-10-17",1
"3970","2012-10-20",1
"3981","2012-10-31",1
"4005","2012-11-24",1
"4011","2012-11-30",1
"4094","2013-02-22",1
"4095","2013-02-23",1
"4122","2013-03-22",1
"4125","2013-03-25",1
"4131","2013-03-31",1
"4132","2013-04-01",1
"4146","2013-04-15",1
"4154","2013-04-23",1
"4155","2013-04-24",1
"4166","2013-05-05",1
"4178","2013-05-17",1
"4204","2013-06-13",1
"4217","2013-06-26",1
"4261","2013-08-09",1
"4302","2013-09-19",1
"4309","2013-09-26",1
"4325","2013-10-12",1
"4351","2013-11-07",1
"4370","2013-11-27",1
"4371","2013-11-28",1
"4375","2013-12-02",1
"4379","2013-12-06",1
"4396","2013-12-24",1
"4413","2014-01-10",1
"4422","2014-01-20",1
"4424","2014-01-22",1
"4446","2014-02-14",1
"4450","2014-02-18",1
"4456","2014-02-24",1
"4459","2014-02-27",1
"4466","2014-03-07",1
"4491","2014-04-01",1
"4494","2014-04-04",1
"4513","2014-04-23",1
"4520","2014-04-30",1
"4527","2014-05-07",1
"4535","2014-05-15",1
"4536","2014-05-16",1
"4549","2014-05-30",1
"4556","2014-06-06",1
"4562","2014-06-12",1
"4564","2014-06-14",1
"4566","2014-06-16",1
"37","2001-09-26",2
"38","2001-09-27",2
"44","2001-10-03",2
"64","2001-10-27",2
"72","2001-11-04",2
"78","2001-11-10",2
"84","2001-11-16",2
"89","2001-11-22",2
"93","2001-11-26",2
"103","2001-12-06",2
"108","2001-12-11",2
"118","2001-12-21",2
"227","2002-04-10",2
"283","2002-06-05",2
"285","2002-06-07",2
"302","2002-06-24",2
"306","2002-06-28",2
"309","2002-07-01",2
"312","2002-07-04",2
"363","2002-08-24",2
"370","2002-08-31",2
"372","2002-09-02",2
"383","2002-09-13",2
"410","2002-10-11",2
"417","2002-10-18",2
"421","2002-10-22",2
"422","2002-10-23",2
"429","2002-10-30",2
"461","2002-12-01",2
"468","2002-12-09",2
"477","2002-12-21",2
"479","2002-12-23",2
"483","2003-01-02",2
"484","2003-01-03",2
"486","2003-01-05",2
"490","2003-01-10",2
"501","2003-01-23",2
"508","2003-01-30",2
"510","2003-02-01",2
"526","2003-02-17",2
"536","2003-02-28",2
"541","2003-03-05",2
"544","2003-03-08",2
"553","2003-03-17",2
"567","2003-03-31",2
"593","2003-04-28",2
"661","2003-07-18",2
"723","2003-09-19",2
"745","2003-10-11",2
"782","2003-11-17",2
"824","2003-12-29",2
"846","2004-01-20",2
"847","2004-01-21",2
"851","2004-01-25",2
"855","2004-01-29",2
"869","2004-02-13",2
"870","2004-02-14",2
"871","2004-02-15",2
"872","2004-02-16",2
"875","2004-02-19",2
"876","2004-02-20",2
"882","2004-02-26",2
"885","2004-02-29",2
"890","2004-03-05",2
"891","2004-03-06",2
"892","2004-03-07",2
"893","2004-03-08",2
"897","2004-03-12",2
"900","2004-03-15",2
"906","2004-03-21",2
"907","2004-03-22",2
"910","2004-03-26",2
"912","2004-03-28",2
"928","2004-04-13",2
"930","2004-04-15",2
"933","2004-04-18",2
"936","2004-04-21",2
"941","2004-04-26",2
"944","2004-04-29",2
"945","2004-04-30",2
"951","2004-05-07",2
"952","2004-05-08",2
"973","2004-05-29",2
"992","2004-06-18",2
"993","2004-06-19",2
"1002","2004-06-28",2
"1008","2004-07-04",2
"1010","2004-07-06",2
"1020","2004-07-16",2
"1036","2004-08-01",2
"1038","2004-08-03",2
"1042","2004-08-08",2
"1048","2004-08-14",2
"1056","2004-08-24",2
"1059","2004-08-27",2
"1060","2004-08-28",2
"1061","2004-08-29",2
"1062","2004-08-30",2
"1063","2004-08-31",2
"1064","2004-09-01",2
"1080","2004-09-18",2
"1089","2004-09-28",2
"1093","2004-10-02",2
"1098","2004-10-07",2
"1107","2004-10-17",2
"1110","2004-10-20",2
"1112","2004-10-22",2
"1119","2004-10-29",2
"1121","2004-10-31",2
"1134","2004-11-13",2
"1140","2004-11-19",2
"1142","2004-11-21",2
"1146","2004-11-25",2
"1154","2004-12-03",2
"1155","2004-12-04",2
"1158","2004-12-07",2
"1160","2004-12-09",2
"1163","2004-12-12",2
"1165","2004-12-14",2
"1167","2004-12-16",2
"1178","2004-12-29",2
"1181","2005-01-01",2
"1184","2005-01-04",2
"1246","2005-03-08",2
"1250","2005-03-13",2
"1286","2005-04-18",2
"1295","2005-04-27",2
"1303","2005-05-05",2
"1306","2005-05-08",2
"1313","2005-05-15",2
"1317","2005-05-19",2
"1318","2005-05-20",2
"1321","2005-05-23",2
"1325","2005-05-27",2
"1337","2005-06-08",2
"1340","2005-06-11",2
"1346","2005-06-17",2
"1349","2005-06-20",2
"1372","2005-07-13",2
"1388","2005-07-29",2
"1390","2005-07-31",2
"1393","2005-08-03",2
"1394","2005-08-04",2
"1396","2005-08-06",2
"1398","2005-08-08",2
"1417","2005-08-27",2
"1436","2005-09-15",2
"1450","2005-09-29",2
"1464","2005-10-13",2
"1465","2005-10-14",2
"1489","2005-11-07",2
"1500","2005-11-18",2
"1504","2005-11-22",2
"1506","2005-11-24",2
"1517","2005-12-05",2
"1537","2005-12-26",2
"1539","2005-12-28",2
"1542","2005-12-31",2
"1546","2006-01-04",2
"1553","2006-01-11",2
"1555","2006-01-13",2
"1561","2006-01-19",2
"1566","2006-01-24",2
"1572","2006-01-30",2
"1577","2006-02-04",2
"1585","2006-02-12",2
"1587","2006-02-15",2
"1605","2006-03-05",2
"1611","2006-03-12",2
"1615","2006-03-16",2
"1617","2006-03-18",2
"1624","2006-03-25",2
"1651","2006-04-21",2
"1652","2006-04-22",2
"1669","2006-05-09",2
"1684","2006-05-24",2
"1686","2006-05-26",2
"1700","2006-06-09",2
"1707","2006-06-16",2
"1721","2006-07-01",2
"1731","2006-07-11",2
"1734","2006-07-14",2
"1737","2006-07-17",2
"1739","2006-07-19",2
"1756","2006-08-05",2
"1765","2006-08-14",2
"1766","2006-08-15",2
"1772","2006-08-21",2
"1786","2006-09-06",2
"1791","2006-09-11",2
"1792","2006-09-12",2
"1798","2006-09-19",2
"1802","2006-09-23",2
"1804","2006-09-25",2
"1810","2006-10-01",2
"1812","2006-10-03",2
"1839","2006-10-31",2
"1840","2006-11-01",2
"1845","2006-11-06",2
"1849","2006-11-10",2
"1852","2006-11-13",2
"1861","2006-11-22",2
"1863","2006-11-26",2
"1864","2006-11-27",2
"1884","2006-12-19",2
"1885","2006-12-20",2
"1886","2006-12-21",2
"1893","2006-12-28",2
"1901","2007-01-05",2
"1908","2007-01-12",2
"1910","2007-01-14",2
"1920","2007-01-24",2
"1924","2007-01-29",2
"1925","2007-01-30",2
"1926","2007-01-31",2
"1930","2007-02-04",2
"1940","2007-02-14",2
"1947","2007-02-21",2
"1954","2007-02-28",2
"1956","2007-03-02",2
"1958","2007-03-04",2
"1970","2007-03-16",2
"1980","2007-03-27",2
"1981","2007-03-28",2
"1986","2007-04-03",2
"1987","2007-04-04",2
"1991","2007-04-08",2
"1992","2007-04-09",2
"1998","2007-04-15",2
"2007","2007-04-24",2
"2008","2007-04-25",2
"2010","2007-04-27",2
"2014","2007-05-01",2
"2020","2007-05-07",2
"2021","2007-05-08",2
"2022","2007-05-09",2
"2029","2007-05-16",2
"2031","2007-05-18",2
"2038","2007-05-25",2
"2043","2007-05-31",2
"2045","2007-06-02",2
"2051","2007-06-09",2
"2058","2007-06-16",2
"2062","2007-06-20",2
"2064","2007-06-22",2
"2074","2007-07-02",2
"2075","2007-07-04",2
"2083","2007-07-13",2
"2096","2007-07-27",2
"2102","2007-08-03",2
"2105","2007-08-07",2
"2109","2007-08-11",2
"2113","2007-08-15",2
"2114","2007-08-16",2
"2118","2007-08-20",2
"2119","2007-08-21",2
"2125","2007-08-28",2
"2126","2007-08-29",2
"2134","2007-09-06",2
"2139","2007-09-13",2
"2142","2007-09-17",2
"2158","2007-10-06",2
"2159","2007-10-07",2
"2163","2007-10-11",2
"2167","2007-10-15",2
"2169","2007-10-17",2
"2177","2007-10-25",2
"2195","2007-11-12",2
"2196","2007-11-13",2
"2211","2007-11-28",2
"2215","2007-12-02",2
"2217","2007-12-04",2
"2234","2007-12-23",2
"2236","2007-12-25",2
"2245","2008-01-03",2
"2246","2008-01-05",2
"2250","2008-01-09",2
"2255","2008-01-14",2
"2261","2008-01-20",2
"2275","2008-02-03",2
"2278","2008-02-06",2
"2279","2008-02-07",2
"2290","2008-02-23",2
"2294","2008-02-27",2
"2302","2008-03-06",2
"2304","2008-03-08",2
"2310","2008-03-14",2
"2312","2008-03-16",2
"2325","2008-03-30",2
"2333","2008-04-07",2
"2336","2008-04-10",2
"2341","2008-04-15",2
"2343","2008-04-17",2
"2344","2008-04-18",2
"2345","2008-04-20",2
"2354","2008-04-29",2
"2367","2008-05-12",2
"2376","2008-05-23",2
"2377","2008-05-24",2
"2396","2008-06-12",2
"2411","2008-06-27",2
"2429","2008-07-15",2
"2432","2008-07-18",2
"2434","2008-07-20",2
"2435","2008-07-21",2
"2436","2008-07-22",2
"2455","2008-08-10",2
"2456","2008-08-11",2
"2481","2008-09-05",2
"2499","2008-09-23",2
"2500","2008-09-24",2
"2524","2008-10-18",2
"2637","2009-02-08",2
"2669","2009-03-12",2
"2730","2009-05-12",2
"2786","2009-07-07",2
"2831","2009-08-21",2
"2849","2009-09-08",2
"2874","2009-10-03",2
"2922","2009-11-21",2
"2924","2009-11-23",2
"2930","2009-11-29",2
"2932","2009-12-01",2
"2933","2009-12-02",2
"2934","2009-12-03",2
"2950","2009-12-19",2
"2988","2010-01-26",2
"3002","2010-02-09",2
"3146","2010-07-05",2
"3186","2010-08-14",2
"3190","2010-08-18",2
"3243","2010-10-12",2
"3252","2010-10-21",2
"3267","2010-11-05",2
"3268","2010-11-06",2
"3281","2010-11-19",2
"3290","2010-11-28",2
"3305","2010-12-13",2
"3311","2010-12-19",2
"3341","2011-01-18",2
"3345","2011-01-22",2
"3368","2011-02-14",2
"3393","2011-03-12",2
"3402","2011-03-21",2
"3406","2011-03-25",2
"3427","2011-04-15",2
"3430","2011-04-18",2
"3441","2011-04-29",2
"3446","2011-05-04",2
"3481","2011-06-08",2
"3497","2011-06-24",2
"3533","2011-07-30",2
"3541","2011-08-07",2
"3549","2011-08-15",2
"3551","2011-08-17",2
"3556","2011-08-22",2
"3565","2011-08-31",2
"3575","2011-09-11",2
"3596","2011-10-02",2
"3597","2011-10-03",2
"3603","2011-10-09",2
"3607","2011-10-13",2
"3610","2011-10-16",2
"3619","2011-10-25",2
"3625","2011-10-31",2
"3627","2011-11-02",2
"3633","2011-11-08",2
"3636","2011-11-12",2
"3641","2011-11-17",2
"3648","2011-11-24",2
"3657","2011-12-03",2
"3679","2011-12-25",2
"3681","2011-12-27",2
"3697","2012-01-12",2
"3702","2012-01-17",2
"3713","2012-01-28",2
"3718","2012-02-02",2
"3733","2012-02-20",2
"3734","2012-02-21",2
"3736","2012-02-23",2
"3737","2012-02-24",2
"3738","2012-02-25",2
"3739","2012-02-26",2
"3757","2012-03-15",2
"3781","2012-04-09",2
"3799","2012-04-28",2
"3815","2012-05-14",2
"3838","2012-06-06",2
"3839","2012-06-07",2
"3843","2012-06-11",2
"3868","2012-07-08",2
"3871","2012-07-12",2
"3875","2012-07-17",2
"3880","2012-07-22",2
"3885","2012-07-27",2
"3890","2012-08-01",2
"3891","2012-08-02",2
"3893","2012-08-04",2
"3905","2012-08-16",2
"3906","2012-08-17",2
"3914","2012-08-25",2
"3927","2012-09-07",2
"3936","2012-09-16",2
"3939","2012-09-19",2
"3941","2012-09-21",2
"3943","2012-09-23",2
"3952","2012-10-02",2
"3953","2012-10-03",2
"3961","2012-10-11",2
"3963","2012-10-13",2
"3965","2012-10-15",2
"3968","2012-10-18",2
"3969","2012-10-19",2
"3972","2012-10-22",2
"3977","2012-10-27",2
"3980","2012-10-30",2
"3995","2012-11-14",2
"4008","2012-11-27",2
"4009","2012-11-28",2
"4030","2012-12-19",2
"4032","2012-12-21",2
"4042","2012-12-31",2
"4044","2013-01-02",2
"4051","2013-01-09",2
"4064","2013-01-22",2
"4069","2013-01-27",2
"4087","2013-02-14",2
"4088","2013-02-15",2
"4099","2013-02-27",2
"4103","2013-03-03",2
"4107","2013-03-07",2
"4121","2013-03-21",2
"4130","2013-03-30",2
"4134","2013-04-03",2
"4149","2013-04-18",2
"4167","2013-05-06",2
"4171","2013-05-10",2
"4179","2013-05-18",2
"4183","2013-05-22",2
"4208","2013-06-17",2
"4210","2013-06-19",2
"4243","2013-07-22",2
"4256","2013-08-04",2
"4270","2013-08-18",2
"4288","2013-09-05",2
"4291","2013-09-08",2
"4313","2013-09-30",2
"4317","2013-10-04",2
"4320","2013-10-07",2
"4326","2013-10-13",2
"4327","2013-10-14",2
"4330","2013-10-17",2
"4340","2013-10-27",2
"4344","2013-10-31",2
"4346","2013-11-02",2
"4350","2013-11-06",2
"4352","2013-11-08",2
"4357","2013-11-14",2
"4360","2013-11-17",2
"4365","2013-11-22",2
"4367","2013-11-24",2
"4376","2013-12-03",2
"4381","2013-12-09",2
"4384","2013-12-12",2
"4416","2014-01-14",2
"4418","2014-01-16",2
"4425","2014-01-23",2
"4431","2014-01-29",2
"4434","2014-02-02",2
"4436","2014-02-04",2
"4438","2014-02-06",2
"4439","2014-02-07",2
"4441","2014-02-09",2
"4452","2014-02-20",2
"4462","2014-03-02",2
"4464","2014-03-04",2
"4471","2014-03-12",2
"4473","2014-03-14",2
"4488","2014-03-29",2
"4490","2014-03-31",2
"4495","2014-04-05",2
"4497","2014-04-07",2
"4499","2014-04-09",2
"4500","2014-04-10",2
"4511","2014-04-21",2
"4522","2014-05-02",2
"4529","2014-05-09",2
"4530","2014-05-10",2
"4537","2014-05-17",2
"4538","2014-05-18",2
"4539","2014-05-19",2
"4541","2014-05-21",2
"4544","2014-05-24",2
"4545","2014-05-26",2
"4547","2014-05-28",2
"4548","2014-05-29",2
"4550","2014-05-31",2
"4551","2014-06-01",2
"4554","2014-06-04",2
"4561","2014-06-11",2
"4563","2014-06-13",2
"4565","2014-06-15",2
"45","2001-10-04",3
"46","2001-10-05",3
"47","2001-10-06",3
"48","2001-10-07",3
"50","2001-10-09",3
"52","2001-10-11",3
"53","2001-10-12",3
"57","2001-10-16",3
"58","2001-10-17",3
"62","2001-10-25",3
"73","2001-11-05",3
"75","2001-11-07",3
"79","2001-11-11",3
"86","2001-11-18",3
"90","2001-11-23",3
"96","2001-11-29",3
"98","2001-12-01",3
"99","2001-12-02",3
"101","2001-12-04",3
"117","2001-12-20",3
"124","2001-12-28",3
"127","2001-12-31",3
"130","2002-01-03",3
"145","2002-01-18",3
"155","2002-01-28",3
"165","2002-02-07",3
"195","2002-03-09",3
"229","2002-04-12",3
"238","2002-04-21",3
"248","2002-05-01",3
"250","2002-05-03",3
"273","2002-05-26",3
"277","2002-05-30",3
"282","2002-06-04",3
"287","2002-06-09",3
"290","2002-06-12",3
"296","2002-06-18",3
"300","2002-06-22",3
"310","2002-07-02",3
"315","2002-07-07",3
"335","2002-07-27",3
"348","2002-08-09",3
"352","2002-08-13",3
"366","2002-08-27",3
"367","2002-08-28",3
"374","2002-09-04",3
"384","2002-09-14",3
"387","2002-09-17",3
"393","2002-09-23",3
"395","2002-09-25",3
"404","2002-10-04",3
"408","2002-10-08",3
"413","2002-10-14",3
"432","2002-11-02",3
"439","2002-11-09",3
"449","2002-11-19",3
"451","2002-11-21",3
"463","2002-12-03",3
"467","2002-12-07",3
"472","2002-12-13",3
"474","2002-12-17",3
"478","2002-12-22",3
"489","2003-01-09",3
"511","2003-02-02",3
"512","2003-02-03",3
"524","2003-02-15",3
"529","2003-02-21",3
"539","2003-03-03",3
"550","2003-03-14",3
"556","2003-03-20",3
"565","2003-03-29",3
"568","2003-04-01",3
"577","2003-04-10",3
"583","2003-04-16",3
"587","2003-04-20",3
"588","2003-04-21",3
"591","2003-04-24",3
"602","2003-05-07",3
"605","2003-05-10",3
"606","2003-05-11",3
"611","2003-05-16",3
"614","2003-05-19",3
"633","2003-06-07",3
"717","2003-09-13",3
"766","2003-11-01",3
"773","2003-11-08",3
"777","2003-11-12",3
"787","2003-11-22",3
"803","2003-12-08",3
"815","2003-12-20",3
"831","2004-01-05",3
"848","2004-01-22",3
"849","2004-01-23",3
"857","2004-01-31",3
"859","2004-02-02",3
"861","2004-02-04",3
"862","2004-02-05",3
"863","2004-02-06",3
"873","2004-02-17",3
"877","2004-02-21",3
"881","2004-02-25",3
"884","2004-02-28",3
"886","2004-03-01",3
"887","2004-03-02",3
"889","2004-03-04",3
"895","2004-03-10",3
"899","2004-03-14",3
"905","2004-03-20",3
"915","2004-03-31",3
"918","2004-04-03",3
"920","2004-04-05",3
"927","2004-04-12",3
"931","2004-04-16",3
"932","2004-04-17",3
"938","2004-04-23",3
"939","2004-04-24",3
"942","2004-04-27",3
"943","2004-04-28",3
"950","2004-05-06",3
"959","2004-05-15",3
"963","2004-05-19",3
"964","2004-05-20",3
"978","2004-06-03",3
"979","2004-06-04",3
"980","2004-06-05",3
"981","2004-06-06",3
"982","2004-06-07",3
"986","2004-06-11",3
"987","2004-06-12",3
"990","2004-06-15",3
"995","2004-06-21",3
"996","2004-06-22",3
"998","2004-06-24",3
"1005","2004-07-01",3
"1009","2004-07-05",3
"1011","2004-07-07",3
"1024","2004-07-20",3
"1027","2004-07-23",3
"1029","2004-07-25",3
"1030","2004-07-26",3
"1032","2004-07-28",3
"1033","2004-07-29",3
"1035","2004-07-31",3
"1037","2004-08-02",3
"1052","2004-08-19",3
"1058","2004-08-26",3
"1067","2004-09-05",3
"1069","2004-09-07",3
"1070","2004-09-08",3
"1074","2004-09-12",3
"1081","2004-09-19",3
"1083","2004-09-22",3
"1085","2004-09-24",3
"1086","2004-09-25",3
"1094","2004-10-03",3
"1096","2004-10-05",3
"1102","2004-10-12",3
"1108","2004-10-18",3
"1115","2004-10-25",3
"1117","2004-10-27",3
"1123","2004-11-02",3
"1133","2004-11-12",3
"1136","2004-11-15",3
"1168","2004-12-17",3
"1172","2004-12-21",3
"1179","2004-12-30",3
"1180","2004-12-31",3
"1187","2005-01-07",3
"1195","2005-01-15",3
"1198","2005-01-18",3
"1199","2005-01-19",3
"1225","2005-02-14",3
"1227","2005-02-16",3
"1230","2005-02-19",3
"1248","2005-03-11",3
"1249","2005-03-12",3
"1255","2005-03-18",3
"1280","2005-04-12",3
"1282","2005-04-14",3
"1283","2005-04-15",3
"1285","2005-04-17",3
"1301","2005-05-03",3
"1305","2005-05-07",3
"1308","2005-05-10",3
"1310","2005-05-12",3
"1312","2005-05-14",3
"1315","2005-05-17",3
"1328","2005-05-30",3
"1330","2005-06-01",3
"1334","2005-06-05",3
"1347","2005-06-18",3
"1353","2005-06-24",3
"1365","2005-07-06",3
"1392","2005-08-02",3
"1397","2005-08-07",3
"1409","2005-08-19",3
"1438","2005-09-17",3
"1453","2005-10-02",3
"1459","2005-10-08",3
"1487","2005-11-05",3
"1511","2005-11-29",3
"1515","2005-12-03",3
"1529","2005-12-17",3
"1545","2006-01-03",3
"1548","2006-01-06",3
"1560","2006-01-18",3
"1570","2006-01-28",3
"1581","2006-02-08",3
"1589","2006-02-17",3
"1599","2006-02-27",3
"1603","2006-03-03",3
"1620","2006-03-21",3
"1625","2006-03-26",3
"1626","2006-03-27",3
"1645","2006-04-15",3
"1655","2006-04-25",3
"1657","2006-04-27",3
"1663","2006-05-03",3
"1670","2006-05-10",3
"1677","2006-05-17",3
"1687","2006-05-27",3
"1694","2006-06-03",3
"1695","2006-06-04",3
"1697","2006-06-06",3
"1698","2006-06-07",3
"1701","2006-06-10",3
"1706","2006-06-15",3
"1710","2006-06-19",3
"1711","2006-06-20",3
"1712","2006-06-21",3
"1713","2006-06-23",3
"1714","2006-06-24",3
"1729","2006-07-09",3
"1732","2006-07-12",3
"1741","2006-07-21",3
"1742","2006-07-22",3
"1750","2006-07-30",3
"1753","2006-08-02",3
"1776","2006-08-25",3
"1780","2006-08-29",3
"1783","2006-09-03",3
"1788","2006-09-08",3
"1790","2006-09-10",3
"1799","2006-09-20",3
"1801","2006-09-22",3
"1816","2006-10-07",3
"1817","2006-10-08",3
"1820","2006-10-11",3
"1821","2006-10-12",3
"1823","2006-10-14",3
"1825","2006-10-16",3
"1826","2006-10-17",3
"1831","2006-10-22",3
"1832","2006-10-24",3
"1836","2006-10-28",3
"1837","2006-10-29",3
"1841","2006-11-02",3
"1848","2006-11-09",3
"1853","2006-11-14",3
"1857","2006-11-18",3
"1859","2006-11-20",3
"1862","2006-11-23",3
"1867","2006-11-30",3
"1878","2006-12-12",3
"1880","2006-12-15",3
"1883","2006-12-18",3
"1896","2006-12-31",3
"1899","2007-01-03",3
"1900","2007-01-04",3
"1902","2007-01-06",3
"1905","2007-01-09",3
"1907","2007-01-11",3
"1911","2007-01-15",3
"1912","2007-01-16",3
"1915","2007-01-19",3
"1917","2007-01-21",3
"1919","2007-01-23",3
"1922","2007-01-26",3
"1923","2007-01-28",3
"1932","2007-02-06",3
"1933","2007-02-07",3
"1936","2007-02-10",3
"1942","2007-02-16",3
"1943","2007-02-17",3
"1945","2007-02-19",3
"1951","2007-02-25",3
"1953","2007-02-27",3
"1960","2007-03-06",3
"1963","2007-03-09",3
"1964","2007-03-10",3
"1965","2007-03-11",3
"1971","2007-03-17",3
"1983","2007-03-30",3
"1984","2007-03-31",3
"1989","2007-04-06",3
"1990","2007-04-07",3
"2000","2007-04-17",3
"2005","2007-04-22",3
"2006","2007-04-23",3
"2009","2007-04-26",3
"2012","2007-04-29",3
"2028","2007-05-15",3
"2030","2007-05-17",3
"2042","2007-05-30",3
"2048","2007-06-06",3
"2052","2007-06-10",3
"2054","2007-06-12",3
"2055","2007-06-13",3
"2056","2007-06-14",3
"2059","2007-06-17",3
"2060","2007-06-18",3
"2069","2007-06-27",3
"2071","2007-06-29",3
"2073","2007-07-01",3
"2077","2007-07-06",3
"2080","2007-07-09",3
"2084","2007-07-14",3
"2089","2007-07-19",3
"2091","2007-07-21",3
"2093","2007-07-23",3
"2095","2007-07-26",3
"2097","2007-07-28",3
"2101","2007-08-02",3
"2107","2007-08-09",3
"2108","2007-08-10",3
"2115","2007-08-17",3
"2117","2007-08-19",3
"2121","2007-08-24",3
"2122","2007-08-25",3
"2124","2007-08-27",3
"2128","2007-08-31",3
"2131","2007-09-03",3
"2138","2007-09-12",3
"2141","2007-09-16",3
"2150","2007-09-26",3
"2152","2007-09-28",3
"2155","2007-10-02",3
"2162","2007-10-10",3
"2168","2007-10-16",3
"2172","2007-10-20",3
"2174","2007-10-22",3
"2179","2007-10-27",3
"2183","2007-10-31",3
"2189","2007-11-06",3
"2190","2007-11-07",3
"2193","2007-11-10",3
"2207","2007-11-24",3
"2212","2007-11-29",3
"2216","2007-12-03",3
"2221","2007-12-08",3
"2224","2007-12-11",3
"2230","2007-12-18",3
"2233","2007-12-21",3
"2237","2007-12-26",3
"2244","2008-01-02",3
"2252","2008-01-11",3
"2257","2008-01-16",3
"2265","2008-01-24",3
"2270","2008-01-29",3
"2276","2008-02-04",3
"2282","2008-02-10",3
"2315","2008-03-20",3
"2318","2008-03-23",3
"2320","2008-03-25",3
"2326","2008-03-31",3
"2329","2008-04-03",3
"2334","2008-04-08",3
"2342","2008-04-16",3
"2349","2008-04-24",3
"2351","2008-04-26",3
"2352","2008-04-27",3
"2358","2008-05-03",3
"2364","2008-05-09",3
"2378","2008-05-25",3
"2381","2008-05-28",3
"2384","2008-05-31",3
"2386","2008-06-02",3
"2399","2008-06-15",3
"2409","2008-06-25",3
"2417","2008-07-03",3
"2419","2008-07-05",3
"2430","2008-07-16",3
"2441","2008-07-27",3
"2458","2008-08-13",3
"2470","2008-08-25",3
"2484","2008-09-08",3
"2487","2008-09-11",3
"2492","2008-09-16",3
"2501","2008-09-25",3
"2516","2008-10-10",3
"2562","2008-11-25",3
"2565","2008-11-28",3
"2575","2008-12-08",3
"2689","2009-04-01",3
"2737","2009-05-19",3
"2741","2009-05-23",3
"2754","2009-06-05",3
"2755","2009-06-06",3
"2781","2009-07-02",3
"2806","2009-07-27",3
"2807","2009-07-28",3
"2839","2009-08-29",3
"2843","2009-09-02",3
"2864","2009-09-23",3
"2873","2009-10-02",3
"2902","2009-11-01",3
"2917","2009-11-16",3
"2954","2009-12-23",3
"2979","2010-01-17",3
"3007","2010-02-14",3
"3051","2010-04-01",3
"3056","2010-04-06",3
"3079","2010-04-29",3
"3102","2010-05-22",3
"3104","2010-05-24",3
"3128","2010-06-17",3
"3141","2010-06-30",3
"3163","2010-07-22",3
"3173","2010-08-01",3
"3175","2010-08-03",3
"3183","2010-08-11",3
"3189","2010-08-17",3
"3191","2010-08-20",3
"3200","2010-08-29",3
"3212","2010-09-10",3
"3218","2010-09-16",3
"3231","2010-09-30",3
"3235","2010-10-04",3
"3237","2010-10-06",3
"3239","2010-10-08",3
"3244","2010-10-13",3
"3248","2010-10-17",3
"3250","2010-10-19",3
"3256","2010-10-25",3
"3264","2010-11-02",3
"3266","2010-11-04",3
"3273","2010-11-11",3
"3278","2010-11-16",3
"3283","2010-11-21",3
"3287","2010-11-25",3
"3289","2010-11-27",3
"3293","2010-12-01",3
"3299","2010-12-07",3
"3300","2010-12-08",3
"3315","2010-12-23",3
"3316","2010-12-24",3
"3333","2011-01-10",3
"3347","2011-01-24",3
"3351","2011-01-28",3
"3353","2011-01-30",3
"3356","2011-02-02",3
"3358","2011-02-04",3
"3363","2011-02-09",3
"3375","2011-02-21",3
"3377","2011-02-24",3
"3385","2011-03-04",3
"3407","2011-03-26",3
"3416","2011-04-04",3
"3423","2011-04-11",3
"3426","2011-04-14",3
"3428","2011-04-16",3
"3435","2011-04-23",3
"3436","2011-04-24",3
"3442","2011-04-30",3
"3443","2011-05-01",3
"3445","2011-05-03",3
"3448","2011-05-06",3
"3449","2011-05-07",3
"3455","2011-05-13",3
"3456","2011-05-14",3
"3460","2011-05-18",3
"3461","2011-05-19",3
"3463","2011-05-21",3
"3464","2011-05-22",3
"3467","2011-05-25",3
"3472","2011-05-30",3
"3476","2011-06-03",3
"3480","2011-06-07",3
"3482","2011-06-09",3
"3487","2011-06-14",3
"3490","2011-06-17",3
"3492","2011-06-19",3
"3509","2011-07-06",3
"3522","2011-07-19",3
"3523","2011-07-20",3
"3525","2011-07-22",3
"3536","2011-08-02",3
"3543","2011-08-09",3
"3545","2011-08-11",3
"3557","2011-08-23",3
"3561","2011-08-27",3
"3576","2011-09-12",3
"3579","2011-09-15",3
"3582","2011-09-18",3
"3589","2011-09-25",3
"3591","2011-09-27",3
"3605","2011-10-11",3
"3608","2011-10-14",3
"3614","2011-10-20",3
"3615","2011-10-21",3
"3622","2011-10-28",3
"3638","2011-11-14",3
"3642","2011-11-18",3
"3643","2011-11-19",3
"3656","2011-12-02",3
"3666","2011-12-12",3
"3674","2011-12-20",3
"3680","2011-12-26",3
"3682","2011-12-28",3
"3686","2012-01-01",3
"3690","2012-01-05",3
"3692","2012-01-07",3
"3699","2012-01-14",3
"3712","2012-01-27",3
"3714","2012-01-29",3
"3715","2012-01-30",3
"3719","2012-02-03",3
"3723","2012-02-10",3
"3727","2012-02-14",3
"3729","2012-02-16",3
"3741","2012-02-28",3
"3752","2012-03-10",3
"3758","2012-03-16",3
"3760","2012-03-18",3
"3778","2012-04-06",3
"3795","2012-04-24",3
"3801","2012-04-30",3
"3802","2012-05-01",3
"3806","2012-05-05",3
"3827","2012-05-26",3
"3854","2012-06-22",3
"3857","2012-06-25",3
"3864","2012-07-04",3
"3869","2012-07-10",3
"3904","2012-08-15",3
"3907","2012-08-18",3
"3911","2012-08-22",3
"3918","2012-08-29",3
"3922","2012-09-02",3
"3924","2012-09-04",3
"3929","2012-09-09",3
"3933","2012-09-13",3
"3938","2012-09-18",3
"3944","2012-09-24",3
"3955","2012-10-05",3
"3957","2012-10-07",3
"3960","2012-10-10",3
"3962","2012-10-12",3
"3971","2012-10-21",3
"3978","2012-10-28",3
"3979","2012-10-29",3
"3982","2012-11-01",3
"3994","2012-11-13",3
"3996","2012-11-15",3
"3997","2012-11-16",3
"3998","2012-11-17",3
"3999","2012-11-18",3
"4001","2012-11-20",3
"4013","2012-12-02",3
"4028","2012-12-17",3
"4036","2012-12-25",3
"4039","2012-12-28",3
"4040","2012-12-29",3
"4045","2013-01-03",3
"4056","2013-01-14",3
"4059","2013-01-17",3
"4076","2013-02-03",3
"4080","2013-02-07",3
"4082","2013-02-09",3
"4091","2013-02-19",3
"4109","2013-03-09",3
"4110","2013-03-10",3
"4114","2013-03-14",3
"4115","2013-03-15",3
"4128","2013-03-28",3
"4135","2013-04-04",3
"4138","2013-04-07",3
"4139","2013-04-08",3
"4142","2013-04-11",3
"4147","2013-04-16",3
"4169","2013-05-08",3
"4184","2013-05-23",3
"4196","2013-06-04",3
"4197","2013-06-05",3
"4200","2013-06-09",3
"4203","2013-06-12",3
"4206","2013-06-15",3
"4211","2013-06-20",3
"4212","2013-06-21",3
"4215","2013-06-24",3
"4219","2013-06-28",3
"4246","2013-07-25",3
"4253","2013-08-01",3
"4254","2013-08-02",3
"4264","2013-08-12",3
"4279","2013-08-27",3
"4284","2013-09-01",3
"4285","2013-09-02",3
"4286","2013-09-03",3
"4289","2013-09-06",3
"4294","2013-09-11",3
"4297","2013-09-14",3
"4300","2013-09-17",3
"4301","2013-09-18",3
"4316","2013-10-03",3
"4329","2013-10-16",3
"4338","2013-10-25",3
"4348","2013-11-04",3
"4358","2013-11-15",3
"4363","2013-11-20",3
"4364","2013-11-21",3
"4378","2013-12-05",3
"4390","2013-12-18",3
"4392","2013-12-20",3
"4393","2013-12-21",3
"4397","2013-12-25",3
"4400","2013-12-28",3
"4403","2013-12-31",3
"4405","2014-01-02",3
"4406","2014-01-03",3
"4410","2014-01-07",3
"4419","2014-01-17",3
"4421","2014-01-19",3
"4428","2014-01-26",3
"4444","2014-02-12",3
"4445","2014-02-13",3
"4453","2014-02-21",3
"4454","2014-02-22",3
"4461","2014-03-01",3
"4465","2014-03-05",3
"4467","2014-03-08",3
"4469","2014-03-10",3
"4475","2014-03-16",3
"4477","2014-03-18",3
"4482","2014-03-23",3
"4483","2014-03-24",3
"4486","2014-03-27",3
"4501","2014-04-11",3
"4502","2014-04-12",3
"4506","2014-04-16",3
"4507","2014-04-17",3
"4528","2014-05-08",3
"4540","2014-05-20",3
"4542","2014-05-22",3
"4543","2014-05-23",3
"4553","2014-06-03",3
"4557","2014-06-07",3
"4559","2014-06-09",3
"30","2001-09-19",4
"36","2001-09-25",4
"51","2001-10-10",4
"55","2001-10-14",4
"63","2001-10-26",4
"67","2001-10-30",4
"68","2001-10-31",4
"70","2001-11-02",4
"77","2001-11-09",4
"80","2001-11-12",4
"83","2001-11-15",4
"85","2001-11-17",4
"87","2001-11-19",4
"100","2001-12-03",4
"105","2001-12-08",4
"115","2001-12-18",4
"128","2002-01-01",4
"134","2002-01-07",4
"140","2002-01-13",4
"152","2002-01-25",4
"157","2002-01-30",4
"166","2002-02-08",4
"173","2002-02-15",4
"186","2002-02-28",4
"189","2002-03-03",4
"200","2002-03-14",4
"203","2002-03-17",4
"226","2002-04-09",4
"230","2002-04-13",4
"233","2002-04-16",4
"242","2002-04-25",4
"244","2002-04-27",4
"272","2002-05-25",4
"288","2002-06-10",4
"292","2002-06-14",4
"293","2002-06-15",4
"330","2002-07-22",4
"338","2002-07-30",4
"351","2002-08-12",4
"368","2002-08-29",4
"381","2002-09-11",4
"386","2002-09-16",4
"392","2002-09-22",4
"394","2002-09-24",4
"396","2002-09-26",4
"397","2002-09-27",4
"399","2002-09-29",4
"402","2002-10-02",4
"405","2002-10-05",4
"416","2002-10-17",4
"424","2002-10-25",4
"443","2002-11-13",4
"448","2002-11-18",4
"452","2002-11-22",4
"453","2002-11-23",4
"469","2002-12-10",4
"495","2003-01-17",4
"496","2003-01-18",4
"504","2003-01-26",4
"505","2003-01-27",4
"507","2003-01-29",4
"517","2003-02-08",4
"522","2003-02-13",4
"581","2003-04-14",4
"582","2003-04-15",4
"585","2003-04-18",4
"595","2003-04-30",4
"607","2003-05-12",4
"608","2003-05-13",4
"610","2003-05-15",4
"616","2003-05-21",4
"619","2003-05-24",4
"631","2003-06-05",4
"634","2003-06-08",4
"635","2003-06-09",4
"637","2003-06-11",4
"639","2003-06-13",4
"641","2003-06-15",4
"649","2003-06-23",4
"650","2003-06-24",4
"654","2003-06-28",4
"658","2003-07-02",4
"676","2003-08-03",4
"697","2003-08-24",4
"726","2003-09-22",4
"727","2003-09-23",4
"767","2003-11-02",4
"774","2003-11-09",4
"776","2003-11-11",4
"779","2003-11-14",4
"798","2003-12-03",4
"805","2003-12-10",4
"813","2003-12-18",4
"829","2004-01-03",4
"841","2004-01-15",4
"842","2004-01-16",4
"845","2004-01-19",4
"865","2004-02-08",4
"866","2004-02-09",4
"867","2004-02-10",4
"868","2004-02-11",4
"888","2004-03-03",4
"903","2004-03-18",4
"904","2004-03-19",4
"908","2004-03-23",4
"914","2004-03-30",4
"919","2004-04-04",4
"935","2004-04-20",4
"946","2004-05-02",4
"956","2004-05-12",4
"958","2004-05-14",4
"960","2004-05-16",4
"965","2004-05-21",4
"966","2004-05-22",4
"970","2004-05-26",4
"972","2004-05-28",4
"983","2004-06-08",4
"989","2004-06-14",4
"1000","2004-06-26",4
"1003","2004-06-29",4
"1004","2004-06-30",4
"1015","2004-07-11",4
"1018","2004-07-14",4
"1019","2004-07-15",4
"1025","2004-07-21",4
"1028","2004-07-24",4
"1031","2004-07-27",4
"1034","2004-07-30",4
"1047","2004-08-13",4
"1054","2004-08-21",4
"1055","2004-08-22",4
"1066","2004-09-04",4
"1073","2004-09-11",4
"1077","2004-09-15",4
"1079","2004-09-17",4
"1084","2004-09-23",4
"1092","2004-10-01",4
"1097","2004-10-06",4
"1100","2004-10-10",4
"1106","2004-10-16",4
"1113","2004-10-23",4
"1114","2004-10-24",4
"1120","2004-10-30",4
"1127","2004-11-06",4
"1129","2004-11-08",4
"1130","2004-11-09",4
"1144","2004-11-23",4
"1145","2004-11-24",4
"1147","2004-11-26",4
"1148","2004-11-27",4
"1161","2004-12-10",4
"1164","2004-12-13",4
"1169","2004-12-18",4
"1176","2004-12-27",4
"1177","2004-12-28",4
"1185","2005-01-05",4
"1186","2005-01-06",4
"1216","2005-02-05",4
"1218","2005-02-07",4
"1221","2005-02-10",4
"1223","2005-02-12",4
"1229","2005-02-18",4
"1233","2005-02-22",4
"1235","2005-02-24",4
"1242","2005-03-04",4
"1244","2005-03-06",4
"1259","2005-03-22",4
"1260","2005-03-23",4
"1262","2005-03-25",4
"1271","2005-04-03",4
"1277","2005-04-09",4
"1284","2005-04-16",4
"1287","2005-04-19",4
"1290","2005-04-22",4
"1292","2005-04-24",4
"1296","2005-04-28",4
"1299","2005-05-01",4
"1304","2005-05-06",4
"1311","2005-05-13",4
"1320","2005-05-22",4
"1323","2005-05-25",4
"1327","2005-05-29",4
"1344","2005-06-15",4
"1345","2005-06-16",4
"1348","2005-06-19",4
"1351","2005-06-22",4
"1352","2005-06-23",4
"1354","2005-06-25",4
"1357","2005-06-28",4
"1360","2005-07-01",4
"1362","2005-07-03",4
"1364","2005-07-05",4
"1370","2005-07-11",4
"1377","2005-07-18",4
"1379","2005-07-20",4
"1381","2005-07-22",4
"1405","2005-08-15",4
"1410","2005-08-20",4
"1416","2005-08-26",4
"1423","2005-09-02",4
"1429","2005-09-08",4
"1441","2005-09-20",4
"1442","2005-09-21",4
"1447","2005-09-26",4
"1448","2005-09-27",4
"1449","2005-09-28",4
"1461","2005-10-10",4
"1467","2005-10-16",4
"1470","2005-10-19",4
"1480","2005-10-29",4
"1483","2005-11-01",4
"1503","2005-11-21",4
"1505","2005-11-23",4
"1520","2005-12-08",4
"1523","2005-12-11",4
"1532","2005-12-21",4
"1535","2005-12-24",4
"1549","2006-01-07",4
"1551","2006-01-09",4
"1552","2006-01-10",4
"1556","2006-01-14",4
"1563","2006-01-21",4
"1565","2006-01-23",4
"1568","2006-01-26",4
"1574","2006-02-01",4
"1580","2006-02-07",4
"1584","2006-02-11",4
"1588","2006-02-16",4
"1592","2006-02-20",4
"1595","2006-02-23",4
"1614","2006-03-15",4
"1630","2006-03-31",4
"1633","2006-04-03",4
"1641","2006-04-11",4
"1648","2006-04-18",4
"1649","2006-04-19",4
"1659","2006-04-29",4
"1666","2006-05-06",4
"1673","2006-05-13",4
"1674","2006-05-14",4
"1675","2006-05-15",4
"1689","2006-05-29",4
"1716","2006-06-26",4
"1717","2006-06-27",4
"1719","2006-06-29",4
"1727","2006-07-07",4
"1735","2006-07-15",4
"1747","2006-07-27",4
"1751","2006-07-31",4
"1752","2006-08-01",4
"1754","2006-08-03",4
"1758","2006-08-07",4
"1760","2006-08-09",4
"1761","2006-08-10",4
"1763","2006-08-12",4
"1768","2006-08-17",4
"1782","2006-09-02",4
"1785","2006-09-05",4
"1797","2006-09-18",4
"1805","2006-09-26",4
"1808","2006-09-29",4
"1809","2006-09-30",4
"1811","2006-10-02",4
"1814","2006-10-05",4
"1815","2006-10-06",4
"1824","2006-10-15",4
"1829","2006-10-20",4
"1842","2006-11-03",4
"1843","2006-11-04",4
"1844","2006-11-05",4
"1846","2006-11-07",4
"1860","2006-11-21",4
"1872","2006-12-06",4
"1873","2006-12-07",4
"1877","2006-12-11",4
"1881","2006-12-16",4
"1892","2006-12-27",4
"1898","2007-01-02",4
"1914","2007-01-18",4
"1916","2007-01-20",4
"1918","2007-01-22",4
"1921","2007-01-25",4
"1928","2007-02-02",4
"1935","2007-02-09",4
"1937","2007-02-11",4
"1946","2007-02-20",4
"1961","2007-03-07",4
"1966","2007-03-12",4
"1967","2007-03-13",4
"1976","2007-03-23",4
"1985","2007-04-02",4
"1996","2007-04-13",4
"1997","2007-04-14",4
"2001","2007-04-18",4
"2017","2007-05-04",4
"2018","2007-05-05",4
"2025","2007-05-12",4
"2026","2007-05-13",4
"2072","2007-06-30",4
"2076","2007-07-05",4
"2078","2007-07-07",4
"2079","2007-07-08",4
"2082","2007-07-12",4
"2087","2007-07-17",4
"2088","2007-07-18",4
"2092","2007-07-22",4
"2099","2007-07-30",4
"2100","2007-07-31",4
"2104","2007-08-06",4
"2110","2007-08-12",4
"2112","2007-08-14",4
"2130","2007-09-02",4
"2137","2007-09-11",4
"2145","2007-09-21",4
"2146","2007-09-22",4
"2149","2007-09-25",4
"2157","2007-10-05",4
"2160","2007-10-08",4
"2161","2007-10-09",4
"2164","2007-10-12",4
"2165","2007-10-13",4
"2171","2007-10-19",4
"2176","2007-10-24",4
"2178","2007-10-26",4
"2184","2007-11-01",4
"2204","2007-11-21",4
"2208","2007-11-25",4
"2214","2007-12-01",4
"2226","2007-12-13",4
"2227","2007-12-14",4
"2229","2007-12-16",4
"2235","2007-12-24",4
"2238","2007-12-27",4
"2239","2007-12-28",4
"2241","2007-12-30",4
"2249","2008-01-08",4
"2260","2008-01-19",4
"2263","2008-01-22",4
"2264","2008-01-23",4
"2266","2008-01-25",4
"2268","2008-01-27",4
"2271","2008-01-30",4
"2273","2008-02-01",4
"2274","2008-02-02",4
"2281","2008-02-09",4
"2283","2008-02-11",4
"2293","2008-02-26",4
"2297","2008-03-01",4
"2309","2008-03-13",4
"2314","2008-03-18",4
"2324","2008-03-29",4
"2328","2008-04-02",4
"2332","2008-04-06",4
"2350","2008-04-25",4
"2353","2008-04-28",4
"2355","2008-04-30",4
"2356","2008-05-01",4
"2365","2008-05-10",4
"2368","2008-05-14",4
"2372","2008-05-19",4
"2374","2008-05-21",4
"2382","2008-05-29",4
"2385","2008-06-01",4
"2390","2008-06-06",4
"2398","2008-06-14",4
"2402","2008-06-18",4
"2415","2008-07-01",4
"2418","2008-07-04",4
"2424","2008-07-10",4
"2427","2008-07-13",4
"2428","2008-07-14",4
"2439","2008-07-25",4
"2443","2008-07-29",4
"2454","2008-08-09",4
"2465","2008-08-20",4
"2475","2008-08-30",4
"2485","2008-09-09",4
"2498","2008-09-22",4
"2511","2008-10-05",4
"2520","2008-10-14",4
"2526","2008-10-20",4
"2540","2008-11-03",4
"2559","2008-11-22",4
"2574","2008-12-07",4
"2576","2008-12-09",4
"2588","2008-12-21",4
"2589","2008-12-22",4
"2593","2008-12-26",4
"2630","2009-02-01",4
"2635","2009-02-06",4
"2674","2009-03-17",4
"2692","2009-04-04",4
"2712","2009-04-24",4
"2713","2009-04-25",4
"2718","2009-04-30",4
"2736","2009-05-18",4
"2747","2009-05-29",4
"2749","2009-05-31",4
"2750","2009-06-01",4
"2770","2009-06-21",4
"2771","2009-06-22",4
"2789","2009-07-10",4
"2811","2009-08-01",4
"2813","2009-08-03",4
"2830","2009-08-20",4
"2859","2009-09-18",4
"2865","2009-09-24",4
"2871","2009-09-30",4
"2872","2009-10-01",4
"2878","2009-10-07",4
"2884","2009-10-13",4
"2890","2009-10-19",4
"2908","2009-11-07",4
"2925","2009-11-24",4
"2928","2009-11-27",4
"2929","2009-11-28",4
"2931","2009-11-30",4
"2952","2009-12-21",4
"2957","2009-12-26",4
"2978","2010-01-16",4
"2983","2010-01-21",4
"2984","2010-01-22",4
"2990","2010-01-28",4
"2992","2010-01-30",4
"2995","2010-02-02",4
"3011","2010-02-18",4
"3033","2010-03-12",4
"3048","2010-03-29",4
"3049","2010-03-30",4
"3053","2010-04-03",4
"3061","2010-04-11",4
"3070","2010-04-20",4
"3074","2010-04-24",4
"3111","2010-05-31",4
"3123","2010-06-12",4
"3126","2010-06-15",4
"3129","2010-06-18",4
"3130","2010-06-19",4
"3131","2010-06-20",4
"3161","2010-07-20",4
"3165","2010-07-24",4
"3167","2010-07-26",4
"3182","2010-08-10",4
"3184","2010-08-12",4
"3188","2010-08-16",4
"3204","2010-09-02",4
"3205","2010-09-03",4
"3208","2010-09-06",4
"3211","2010-09-09",4
"3213","2010-09-11",4
"3215","2010-09-13",4
"3217","2010-09-15",4
"3219","2010-09-17",4
"3224","2010-09-22",4
"3228","2010-09-26",4
"3232","2010-10-01",4
"3249","2010-10-18",4
"3253","2010-10-22",4
"3254","2010-10-23",4
"3257","2010-10-26",4
"3258","2010-10-27",4
"3261","2010-10-30",4
"3263","2010-11-01",4
"3269","2010-11-07",4
"3272","2010-11-10",4
"3288","2010-11-26",4
"3292","2010-11-30",4
"3294","2010-12-02",4
"3302","2010-12-10",4
"3312","2010-12-20",4
"3314","2010-12-22",4
"3318","2010-12-26",4
"3319","2010-12-27",4
"3330","2011-01-07",4
"3338","2011-01-15",4
"3342","2011-01-19",4
"3346","2011-01-23",4
"3352","2011-01-29",4
"3354","2011-01-31",4
"3362","2011-02-08",4
"3364","2011-02-10",4
"3367","2011-02-13",4
"3373","2011-02-19",4
"3388","2011-03-07",4
"3390","2011-03-09",4
"3392","2011-03-11",4
"3410","2011-03-29",4
"3412","2011-03-31",4
"3415","2011-04-03",4
"3418","2011-04-06",4
"3432","2011-04-20",4
"3434","2011-04-22",4
"3438","2011-04-26",4
"3439","2011-04-27",4
"3452","2011-05-10",4
"3465","2011-05-23",4
"3466","2011-05-24",4
"3468","2011-05-26",4
"3470","2011-05-28",4
"3486","2011-06-13",4
"3493","2011-06-20",4
"3498","2011-06-25",4
"3499","2011-06-26",4
"3500","2011-06-27",4
"3505","2011-07-02",4
"3510","2011-07-07",4
"3514","2011-07-11",4
"3517","2011-07-14",4
"3521","2011-07-18",4
"3546","2011-08-12",4
"3548","2011-08-14",4
"3552","2011-08-18",4
"3566","2011-09-01",4
"3569","2011-09-04",4
"3571","2011-09-06",4
"3577","2011-09-13",4
"3581","2011-09-17",4
"3584","2011-09-20",4
"3593","2011-09-29",4
"3600","2011-10-06",4
"3601","2011-10-07",4
"3611","2011-10-17",4
"3613","2011-10-19",4
"3617","2011-10-23",4
"3620","2011-10-26",4
"3623","2011-10-29",4
"3629","2011-11-04",4
"3630","2011-11-05",4
"3631","2011-11-06",4
"3632","2011-11-07",4
"3639","2011-11-15",4
"3644","2011-11-20",4
"3654","2011-11-30",4
"3655","2011-12-01",4
"3661","2011-12-07",4
"3665","2011-12-11",4
"3672","2011-12-18",4
"3673","2011-12-19",4
"3696","2012-01-11",4
"3700","2012-01-15",4
"3720","2012-02-04",4
"3740","2012-02-27",4
"3750","2012-03-08",4
"3776","2012-04-04",4
"3777","2012-04-05",4
"3786","2012-04-15",4
"3788","2012-04-17",4
"3807","2012-05-06",4
"3808","2012-05-07",4
"3809","2012-05-08",4
"3814","2012-05-13",4
"3817","2012-05-16",4
"3818","2012-05-17",4
"3822","2012-05-21",4
"3829","2012-05-28",4
"3830","2012-05-29",4
"3833","2012-06-01",4
"3836","2012-06-04",4
"3837","2012-06-05",4
"3855","2012-06-23",4
"3856","2012-06-24",4
"3866","2012-07-06",4
"3877","2012-07-19",4
"3879","2012-07-21",4
"3901","2012-08-12",4
"3902","2012-08-13",4
"3908","2012-08-19",4
"3909","2012-08-20",4
"3915","2012-08-26",4
"3921","2012-09-01",4
"3926","2012-09-06",4
"3937","2012-09-17",4
"3946","2012-09-26",4
"3974","2012-10-24",4
"3984","2012-11-03",4
"4002","2012-11-21",4
"4004","2012-11-23",4
"4007","2012-11-26",4
"4012","2012-12-01",4
"4020","2012-12-09",4
"4022","2012-12-11",4
"4025","2012-12-14",4
"4026","2012-12-15",4
"4031","2012-12-20",4
"4048","2013-01-06",4
"4050","2013-01-08",4
"4053","2013-01-11",4
"4054","2013-01-12",4
"4060","2013-01-18",4
"4066","2013-01-24",4
"4067","2013-01-25",4
"4071","2013-01-29",4
"4077","2013-02-04",4
"4081","2013-02-08",4
"4083","2013-02-10",4
"4086","2013-02-13",4
"4102","2013-03-02",4
"4113","2013-03-13",4
"4116","2013-03-16",4
"4117","2013-03-17",4
"4123","2013-03-23",4
"4124","2013-03-24",4
"4126","2013-03-26",4
"4129","2013-03-29",4
"4137","2013-04-06",4
"4141","2013-04-10",4
"4143","2013-04-12",4
"4148","2013-04-17",4
"4158","2013-04-27",4
"4159","2013-04-28",4
"4162","2013-05-01",4
"4164","2013-05-03",4
"4165","2013-05-04",4
"4168","2013-05-07",4
"4181","2013-05-20",4
"4182","2013-05-21",4
"4187","2013-05-26",4
"4188","2013-05-27",4
"4189","2013-05-28",4
"4190","2013-05-29",4
"4193","2013-06-01",4
"4201","2013-06-10",4
"4205","2013-06-14",4
"4209","2013-06-18",4
"4228","2013-07-07",4
"4238","2013-07-17",4
"4247","2013-07-26",4
"4251","2013-07-30",4
"4257","2013-08-05",4
"4258","2013-08-06",4
"4259","2013-08-07",4
"4262","2013-08-10",4
"4267","2013-08-15",4
"4273","2013-08-21",4
"4278","2013-08-26",4
"4281","2013-08-29",4
"4282","2013-08-30",4
"4290","2013-09-07",4
"4293","2013-09-10",4
"4311","2013-09-28",4
"4314","2013-10-01",4
"4315","2013-10-02",4
"4318","2013-10-05",4
"4322","2013-10-09",4
"4323","2013-10-10",4
"4328","2013-10-15",4
"4331","2013-10-18",4
"4333","2013-10-20",4
"4334","2013-10-21",4
"4337","2013-10-24",4
"4339","2013-10-26",4
"4341","2013-10-28",4
"4342","2013-10-29",4
"4355","2013-11-12",4
"4356","2013-11-13",4
"4389","2013-12-17",4
"4391","2013-12-19",4
"4394","2013-12-22",4
"4399","2013-12-27",4
"4401","2013-12-29",4
"4412","2014-01-09",4
"4420","2014-01-18",4
"4423","2014-01-21",4
"4432","2014-01-30",4
"4435","2014-02-03",4
"4437","2014-02-05",4
"4442","2014-02-10",4
"4448","2014-02-16",4
"4451","2014-02-19",4
"4457","2014-02-25",4
"4460","2014-02-28",4
"4468","2014-03-09",4
"4470","2014-03-11",4
"4476","2014-03-17",4
"4489","2014-03-30",4
"4492","2014-04-02",4
"4498","2014-04-08",4
"4503","2014-04-13",4
"4504","2014-04-14",4
"4505","2014-04-15",4
"4512","2014-04-22",4
"4526","2014-05-06",4
"4531","2014-05-11",4
"4533","2014-05-13",4
"4552","2014-06-02",4
"4555","2014-06-05",4
"4560","2014-06-10",4
"4568","2014-06-18",4
"4569","2014-06-19",4
"4570","2014-06-20",4
"4572","2014-06-22",4
"39","2001-09-28",5
"43","2001-10-02",5
"71","2001-11-03",5
"76","2001-11-08",5
"91","2001-11-24",5
"97","2001-11-30",5
"104","2001-12-07",5
"110","2001-12-13",5
"129","2002-01-02",5
"136","2002-01-09",5
"141","2002-01-14",5
"149","2002-01-22",5
"171","2002-02-13",5
"185","2002-02-27",5
"202","2002-03-16",5
"210","2002-03-24",5
"214","2002-03-28",5
"220","2002-04-03",5
"222","2002-04-05",5
"223","2002-04-06",5
"245","2002-04-28",5
"252","2002-05-05",5
"258","2002-05-11",5
"265","2002-05-18",5
"269","2002-05-22",5
"275","2002-05-28",5
"276","2002-05-29",5
"278","2002-05-31",5
"289","2002-06-11",5
"297","2002-06-19",5
"304","2002-06-26",5
"307","2002-06-29",5
"308","2002-06-30",5
"311","2002-07-03",5
"325","2002-07-17",5
"326","2002-07-18",5
"331","2002-07-23",5
"334","2002-07-26",5
"336","2002-07-28",5
"340","2002-08-01",5
"341","2002-08-02",5
"357","2002-08-18",5
"358","2002-08-19",5
"360","2002-08-21",5
"376","2002-09-06",5
"378","2002-09-08",5
"388","2002-09-18",5
"403","2002-10-03",5
"409","2002-10-10",5
"411","2002-10-12",5
"414","2002-10-15",5
"419","2002-10-20",5
"420","2002-10-21",5
"423","2002-10-24",5
"425","2002-10-26",5
"428","2002-10-29",5
"440","2002-11-10",5
"446","2002-11-16",5
"457","2002-11-27",5
"465","2002-12-05",5
"473","2002-12-15",5
"491","2003-01-13",5
"499","2003-01-21",5
"506","2003-01-28",5
"513","2003-02-04",5
"521","2003-02-12",5
"523","2003-02-14",5
"531","2003-02-23",5
"535","2003-02-27",5
"537","2003-03-01",5
"542","2003-03-06",5
"546","2003-03-10",5
"555","2003-03-19",5
"562","2003-03-26",5
"564","2003-03-28",5
"566","2003-03-30",5
"574","2003-04-07",5
"586","2003-04-19",5
"589","2003-04-22",5
"590","2003-04-23",5
"592","2003-04-25",5
"617","2003-05-22",5
"618","2003-05-23",5
"620","2003-05-25",5
"621","2003-05-26",5
"622","2003-05-27",5
"624","2003-05-29",5
"638","2003-06-12",5
"644","2003-06-18",5
"653","2003-06-27",5
"703","2003-08-30",5
"708","2003-09-04",5
"720","2003-09-16",5
"725","2003-09-21",5
"730","2003-09-26",5
"737","2003-10-03",5
"742","2003-10-08",5
"753","2003-10-19",5
"754","2003-10-20",5
"771","2003-11-06",5
"780","2003-11-15",5
"781","2003-11-16",5
"794","2003-11-29",5
"796","2003-12-01",5
"802","2003-12-07",5
"806","2003-12-11",5
"819","2003-12-24",5
"820","2003-12-25",5
"823","2003-12-28",5
"825","2003-12-30",5
"826","2003-12-31",5
"844","2004-01-18",5
"852","2004-01-26",5
"883","2004-02-27",5
"901","2004-03-16",5
"917","2004-04-02",5
"924","2004-04-09",5
"934","2004-04-19",5
"953","2004-05-09",5
"957","2004-05-13",5
"962","2004-05-18",5
"968","2004-05-24",5
"969","2004-05-25",5
"975","2004-05-31",5
"977","2004-06-02",5
"984","2004-06-09",5
"985","2004-06-10",5
"988","2004-06-13",5
"991","2004-06-17",5
"994","2004-06-20",5
"1007","2004-07-03",5
"1012","2004-07-08",5
"1017","2004-07-13",5
"1026","2004-07-22",5
"1040","2004-08-06",5
"1041","2004-08-07",5
"1044","2004-08-10",5
"1051","2004-08-18",5
"1053","2004-08-20",5
"1068","2004-09-06",5
"1071","2004-09-09",5
"1087","2004-09-26",5
"1088","2004-09-27",5
"1122","2004-11-01",5
"1141","2004-11-20",5
"1153","2004-12-02",5
"1170","2004-12-19",5
"1175","2004-12-26",5
"1183","2005-01-03",5
"1193","2005-01-13",5
"1194","2005-01-14",5
"1202","2005-01-22",5
"1206","2005-01-26",5
"1207","2005-01-27",5
"1209","2005-01-29",5
"1213","2005-02-02",5
"1214","2005-02-03",5
"1215","2005-02-04",5
"1219","2005-02-08",5
"1222","2005-02-11",5
"1224","2005-02-13",5
"1228","2005-02-17",5
"1247","2005-03-10",5
"1254","2005-03-17",5
"1256","2005-03-19",5
"1263","2005-03-26",5
"1269","2005-04-01",5
"1272","2005-04-04",5
"1273","2005-04-05",5
"1275","2005-04-07",5
"1278","2005-04-10",5
"1316","2005-05-18",5
"1326","2005-05-28",5
"1333","2005-06-04",5
"1336","2005-06-07",5
"1343","2005-06-14",5
"1355","2005-06-26",5
"1356","2005-06-27",5
"1367","2005-07-08",5
"1368","2005-07-09",5
"1373","2005-07-14",5
"1375","2005-07-16",5
"1376","2005-07-17",5
"1384","2005-07-25",5
"1385","2005-07-26",5
"1389","2005-07-30",5
"1413","2005-08-23",5
"1415","2005-08-25",5
"1418","2005-08-28",5
"1420","2005-08-30",5
"1435","2005-09-14",5
"1451","2005-09-30",5
"1457","2005-10-06",5
"1458","2005-10-07",5
"1482","2005-10-31",5
"1484","2005-11-02",5
"1488","2005-11-06",5
"1497","2005-11-15",5
"1499","2005-11-17",5
"1501","2005-11-19",5
"1502","2005-11-20",5
"1509","2005-11-27",5
"1513","2005-12-01",5
"1514","2005-12-02",5
"1519","2005-12-07",5
"1522","2005-12-10",5
"1526","2005-12-14",5
"1530","2005-12-18",5
"1538","2005-12-27",5
"1540","2005-12-29",5
"1541","2005-12-30",5
"1554","2006-01-12",5
"1562","2006-01-20",5
"1571","2006-01-29",5
"1575","2006-02-02",5
"1576","2006-02-03",5
"1578","2006-02-05",5
"1586","2006-02-13",5
"1590","2006-02-18",5
"1593","2006-02-21",5
"1597","2006-02-25",5
"1601","2006-03-01",5
"1610","2006-03-11",5
"1616","2006-03-17",5
"1621","2006-03-22",5
"1632","2006-04-02",5
"1634","2006-04-04",5
"1644","2006-04-14",5
"1650","2006-04-20",5
"1660","2006-04-30",5
"1664","2006-05-04",5
"1667","2006-05-07",5
"1668","2006-05-08",5
"1676","2006-05-16",5
"1680","2006-05-20",5
"1685","2006-05-25",5
"1692","2006-06-01",5
"1693","2006-06-02",5
"1703","2006-06-12",5
"1704","2006-06-13",5
"1705","2006-06-14",5
"1708","2006-06-17",5
"1715","2006-06-25",5
"1728","2006-07-08",5
"1733","2006-07-13",5
"1738","2006-07-18",5
"1740","2006-07-20",5
"1743","2006-07-23",5
"1749","2006-07-29",5
"1757","2006-08-06",5
"1784","2006-09-04",5
"1787","2006-09-07",5
"1795","2006-09-16",5
"1796","2006-09-17",5
"1803","2006-09-24",5
"1822","2006-10-13",5
"1850","2006-11-11",5
"1858","2006-11-19",5
"1866","2006-11-29",5
"1870","2006-12-04",5
"1871","2006-12-05",5
"1876","2006-12-10",5
"1879","2006-12-14",5
"1887","2006-12-22",5
"1888","2006-12-23",5
"1904","2007-01-08",5
"1906","2007-01-10",5
"1909","2007-01-13",5
"1913","2007-01-17",5
"1931","2007-02-05",5
"1941","2007-02-15",5
"1944","2007-02-18",5
"1950","2007-02-24",5
"1955","2007-03-01",5
"1957","2007-03-03",5
"1962","2007-03-08",5
"1969","2007-03-15",5
"1972","2007-03-18",5
"1973","2007-03-19",5
"1974","2007-03-20",5
"1979","2007-03-26",5
"1982","2007-03-29",5
"1995","2007-04-12",5
"1999","2007-04-16",5
"2002","2007-04-19",5
"2019","2007-05-06",5
"2027","2007-05-14",5
"2034","2007-05-21",5
"2037","2007-05-24",5
"2047","2007-06-05",5
"2049","2007-06-07",5
"2057","2007-06-15",5
"2066","2007-06-24",5
"2068","2007-06-26",5
"2081","2007-07-11",5
"2106","2007-08-08",5
"2120","2007-08-22",5
"2132","2007-09-04",5
"2148","2007-09-24",5
"2151","2007-09-27",5
"2166","2007-10-14",5
"2173","2007-10-21",5
"2194","2007-11-11",5
"2203","2007-11-20",5
"2206","2007-11-23",5
"2210","2007-11-27",5
"2219","2007-12-06",5
"2220","2007-12-07",5
"2222","2007-12-09",5
"2225","2007-12-12",5
"2228","2007-12-15",5
"2232","2007-12-20",5
"2247","2008-01-06",5
"2256","2008-01-15",5
"2259","2008-01-18",5
"2262","2008-01-21",5
"2295","2008-02-28",5
"2311","2008-03-15",5
"2316","2008-03-21",5
"2319","2008-03-24",5
"2322","2008-03-27",5
"2323","2008-03-28",5
"2327","2008-04-01",5
"2335","2008-04-09",5
"2339","2008-04-13",5
"2357","2008-05-02",5
"2366","2008-05-11",5
"2369","2008-05-16",5
"2370","2008-05-17",5
"2379","2008-05-26",5
"2391","2008-06-07",5
"2397","2008-06-13",5
"2403","2008-06-19",5
"2410","2008-06-26",5
"2416","2008-07-02",5
"2421","2008-07-07",5
"2426","2008-07-12",5
"2431","2008-07-17",5
"2437","2008-07-23",5
"2452","2008-08-07",5
"2459","2008-08-14",5
"2462","2008-08-17",5
"2476","2008-08-31",5
"2479","2008-09-03",5
"2480","2008-09-04",5
"2483","2008-09-07",5
"2496","2008-09-20",5
"2514","2008-10-08",5
"2519","2008-10-13",5
"2521","2008-10-15",5
"2563","2008-11-26",5
"2566","2008-11-29",5
"2571","2008-12-04",5
"2573","2008-12-06",5
"2582","2008-12-15",5
"2603","2009-01-05",5
"2605","2009-01-07",5
"2608","2009-01-10",5
"2633","2009-02-04",5
"2639","2009-02-10",5
"2653","2009-02-24",5
"2675","2009-03-18",5
"2676","2009-03-19",5
"2677","2009-03-20",5
"2679","2009-03-22",5
"2710","2009-04-22",5
"2720","2009-05-02",5
"2725","2009-05-07",5
"2734","2009-05-16",5
"2751","2009-06-02",5
"2752","2009-06-03",5
"2783","2009-07-04",5
"2792","2009-07-13",5
"2808","2009-07-29",5
"2815","2009-08-05",5
"2819","2009-08-09",5
"2835","2009-08-25",5
"2840","2009-08-30",5
"2847","2009-09-06",5
"2858","2009-09-17",5
"2862","2009-09-21",5
"2886","2009-10-15",5
"2897","2009-10-27",5
"2900","2009-10-30",5
"2906","2009-11-05",5
"2907","2009-11-06",5
"2921","2009-11-20",5
"2923","2009-11-22",5
"2947","2009-12-16",5
"2949","2009-12-18",5
"2965","2010-01-03",5
"2969","2010-01-07",5
"2974","2010-01-12",5
"3004","2010-02-11",5
"3005","2010-02-12",5
"3019","2010-02-26",5
"3078","2010-04-28",5
"3099","2010-05-19",5
"3103","2010-05-23",5
"3105","2010-05-25",5
"3106","2010-05-26",5
"3108","2010-05-28",5
"3109","2010-05-29",5
"3127","2010-06-16",5
"3136","2010-06-25",5
"3144","2010-07-03",5
"3145","2010-07-04",5
"3151","2010-07-10",5
"3159","2010-07-18",5
"3160","2010-07-19",5
"3166","2010-07-25",5
"3171","2010-07-30",5
"3185","2010-08-13",5
"3187","2010-08-15",5
"3193","2010-08-22",5
"3195","2010-08-24",5
"3198","2010-08-27",5
"3199","2010-08-28",5
"3203","2010-09-01",5
"3216","2010-09-14",5
"3233","2010-10-02",5
"3241","2010-10-10",5
"3247","2010-10-16",5
"3255","2010-10-24",5
"3262","2010-10-31",5
"3282","2010-11-20",5
"3284","2010-11-22",5
"3285","2010-11-23",5
"3286","2010-11-24",5
"3298","2010-12-06",5
"3303","2010-12-11",5
"3307","2010-12-15",5
"3313","2010-12-21",5
"3323","2010-12-31",5
"3324","2011-01-01",5
"3331","2011-01-08",5
"3335","2011-01-12",5
"3339","2011-01-16",5
"3340","2011-01-17",5
"3344","2011-01-21",5
"3349","2011-01-26",5
"3355","2011-02-01",5
"3359","2011-02-05",5
"3369","2011-02-15",5
"3372","2011-02-18",5
"3374","2011-02-20",5
"3386","2011-03-05",5
"3395","2011-03-14",5
"3397","2011-03-16",5
"3398","2011-03-17",5
"3408","2011-03-27",5
"3437","2011-04-25",5
"3444","2011-05-02",5
"3450","2011-05-08",5
"3454","2011-05-12",5
"3457","2011-05-15",5
"3469","2011-05-27",5
"3471","2011-05-29",5
"3477","2011-06-04",5
"3485","2011-06-12",5
"3494","2011-06-21",5
"3518","2011-07-15",5
"3524","2011-07-21",5
"3532","2011-07-29",5
"3534","2011-07-31",5
"3535","2011-08-01",5
"3540","2011-08-06",5
"3558","2011-08-24",5
"3562","2011-08-28",5
"3563","2011-08-29",5
"3572","2011-09-07",5
"3583","2011-09-19",5
"3585","2011-09-21",5
"3588","2011-09-24",5
"3590","2011-09-26",5
"3599","2011-10-05",5
"3628","2011-11-03",5
"3637","2011-11-13",5
"3668","2011-12-14",5
"3670","2011-12-16",5
"3675","2011-12-21",5
"3676","2011-12-22",5
"3678","2011-12-24",5
"3683","2011-12-29",5
"3687","2012-01-02",5
"3693","2012-01-08",5
"3695","2012-01-10",5
"3701","2012-01-16",5
"3705","2012-01-20",5
"3708","2012-01-23",5
"3722","2012-02-06",5
"3725","2012-02-12",5
"3731","2012-02-18",5
"3732","2012-02-19",5
"3745","2012-03-03",5
"3749","2012-03-07",5
"3753","2012-03-11",5
"3754","2012-03-12",5
"3755","2012-03-13",5
"3756","2012-03-14",5
"3762","2012-03-20",5
"3763","2012-03-21",5
"3764","2012-03-23",5
"3774","2012-04-02",5
"3792","2012-04-21",5
"3793","2012-04-22",5
"3796","2012-04-25",5
"3800","2012-04-29",5
"3811","2012-05-10",5
"3816","2012-05-15",5
"3820","2012-05-19",5
"3825","2012-05-24",5
"3828","2012-05-27",5
"3832","2012-05-31",5
"3841","2012-06-09",5
"3847","2012-06-15",5
"3851","2012-06-19",5
"3853","2012-06-21",5
"3860","2012-06-30",5
"3863","2012-07-03",5
"3870","2012-07-11",5
"3882","2012-07-24",5
"3887","2012-07-29",5
"3888","2012-07-30",5
"3892","2012-08-03",5
"3894","2012-08-05",5
"3896","2012-08-07",5
"3898","2012-08-09",5
"3912","2012-08-23",5
"3923","2012-09-03",5
"3925","2012-09-05",5
"3950","2012-09-30",5
"3964","2012-10-14",5
"3975","2012-10-25",5
"3976","2012-10-26",5
"3983","2012-11-02",5
"3985","2012-11-04",5
"3991","2012-11-10",5
"4003","2012-11-22",5
"4006","2012-11-25",5
"4019","2012-12-08",5
"4034","2012-12-23",5
"4037","2012-12-26",5
"4041","2012-12-30",5
"4043","2013-01-01",5
"4049","2013-01-07",5
"4052","2013-01-10",5
"4057","2013-01-15",5
"4058","2013-01-16",5
"4063","2013-01-21",5
"4068","2013-01-26",5
"4078","2013-02-05",5
"4084","2013-02-11",5
"4097","2013-02-25",5
"4098","2013-02-26",5
"4100","2013-02-28",5
"4101","2013-03-01",5
"4104","2013-03-04",5
"4105","2013-03-05",5
"4157","2013-04-26",5
"4161","2013-04-30",5
"4172","2013-05-11",5
"4180","2013-05-19",5
"4185","2013-05-24",5
"4191","2013-05-30",5
"4194","2013-06-02",5
"4198","2013-06-06",5
"4202","2013-06-11",5
"4216","2013-06-25",5
"4223","2013-07-02",5
"4224","2013-07-03",5
"4234","2013-07-13",5
"4244","2013-07-23",5
"4255","2013-08-03",5
"4260","2013-08-08",5
"4266","2013-08-14",5
"4268","2013-08-16",5
"4269","2013-08-17",5
"4274","2013-08-22",5
"4275","2013-08-23",5
"4276","2013-08-24",5
"4283","2013-08-31",5
"4287","2013-09-04",5
"4292","2013-09-09",5
"4298","2013-09-15",5
"4303","2013-09-20",5
"4307","2013-09-24",5
"4308","2013-09-25",5
"4310","2013-09-27",5
"4312","2013-09-29",5
"4321","2013-10-08",5
"4332","2013-10-19",5
"4343","2013-10-30",5
"4349","2013-11-05",5
"4359","2013-11-16",5
"4361","2013-11-18",5
"4366","2013-11-23",5
"4368","2013-11-25",5
"4372","2013-11-29",5
"4373","2013-11-30",5
"4374","2013-12-01",5
"4377","2013-12-04",5
"4380","2013-12-07",5
"4383","2013-12-11",5
"4385","2013-12-13",5
"4387","2013-12-15",5
"4388","2013-12-16",5
"4395","2013-12-23",5
"4398","2013-12-26",5
"4408","2014-01-05",5
"4411","2014-01-08",5
"4417","2014-01-15",5
"4426","2014-01-24",5
"4429","2014-01-27",5
"4433","2014-02-01",5
"4440","2014-02-08",5
"4447","2014-02-15",5
"4463","2014-03-03",5
"4479","2014-03-20",5
"4481","2014-03-22",5
"4493","2014-04-03",5
"4515","2014-04-25",5
"4519","2014-04-29",5
"4523","2014-05-03",5
"4524","2014-05-04",5
"4534","2014-05-14",5
"4546","2014-05-27",5
"4567","2014-06-17",5
"4","2001-08-24",6
"6","2001-08-26",6
"41","2001-09-30",6
"54","2001-10-13",6
"59","2001-10-22",6
"81","2001-11-13",6
"106","2001-12-09",6
"122","2001-12-26",6
"123","2001-12-27",6
"131","2002-01-04",6
"138","2002-01-11",6
"142","2002-01-15",6
"143","2002-01-16",6
"146","2002-01-19",6
"162","2002-02-04",6
"163","2002-02-05",6
"164","2002-02-06",6
"168","2002-02-10",6
"182","2002-02-24",6
"193","2002-03-07",6
"211","2002-03-25",6
"215","2002-03-29",6
"218","2002-04-01",6
"221","2002-04-04",6
"228","2002-04-11",6
"232","2002-04-15",6
"234","2002-04-17",6
"237","2002-04-20",6
"243","2002-04-26",6
"246","2002-04-29",6
"249","2002-05-02",6
"251","2002-05-04",6
"254","2002-05-07",6
"260","2002-05-13",6
"262","2002-05-15",6
"271","2002-05-24",6
"284","2002-06-06",6
"295","2002-06-17",6
"298","2002-06-20",6
"301","2002-06-23",6
"316","2002-07-08",6
"321","2002-07-13",6
"332","2002-07-24",6
"339","2002-07-31",6
"343","2002-08-04",6
"345","2002-08-06",6
"346","2002-08-07",6
"353","2002-08-14",6
"362","2002-08-23",6
"364","2002-08-25",6
"369","2002-08-30",6
"373","2002-09-03",6
"382","2002-09-12",6
"389","2002-09-19",6
"390","2002-09-20",6
"391","2002-09-21",6
"398","2002-09-28",6
"400","2002-09-30",6
"401","2002-10-01",6
"412","2002-10-13",6
"415","2002-10-16",6
"418","2002-10-19",6
"430","2002-10-31",6
"431","2002-11-01",6
"444","2002-11-14",6
"447","2002-11-17",6
"450","2002-11-20",6
"460","2002-11-30",6
"462","2002-12-02",6
"492","2003-01-14",6
"500","2003-01-22",6
"503","2003-01-25",6
"516","2003-02-07",6
"532","2003-02-24",6
"552","2003-03-16",6
"557","2003-03-21",6
"558","2003-03-22",6
"560","2003-03-24",6
"561","2003-03-25",6
"563","2003-03-27",6
"570","2003-04-03",6
"575","2003-04-08",6
"579","2003-04-12",6
"600","2003-05-05",6
"601","2003-05-06",6
"612","2003-05-17",6
"625","2003-05-30",6
"628","2003-06-02",6
"630","2003-06-04",6
"640","2003-06-14",6
"643","2003-06-17",6
"647","2003-06-21",6
"651","2003-06-25",6
"660","2003-07-17",6
"667","2003-07-25",6
"675","2003-08-02",6
"695","2003-08-22",6
"712","2003-09-08",6
"716","2003-09-12",6
"722","2003-09-18",6
"738","2003-10-04",6
"740","2003-10-06",6
"741","2003-10-07",6
"748","2003-10-14",6
"751","2003-10-17",6
"757","2003-10-23",6
"759","2003-10-25",6
"765","2003-10-31",6
"770","2003-11-05",6
"772","2003-11-07",6
"785","2003-11-20",6
"811","2003-12-16",6
"812","2003-12-17",6
"814","2003-12-19",6
"816","2003-12-21",6
"817","2003-12-22",6
"818","2003-12-23",6
"834","2004-01-08",6
"835","2004-01-09",6
"854","2004-01-28",6
"858","2004-02-01",6
"860","2004-02-03",6
"896","2004-03-11",6
"902","2004-03-17",6
"913","2004-03-29",6
"921","2004-04-06",6
"923","2004-04-08",6
"940","2004-04-25",6
"997","2004-06-23",6
"999","2004-06-25",6
"1013","2004-07-09",6
"1078","2004-09-16",6
"1082","2004-09-20",6
"1090","2004-09-29",6
"1091","2004-09-30",6
"1095","2004-10-04",6
"1101","2004-10-11",6
"1109","2004-10-19",6
"1126","2004-11-05",6
"1137","2004-11-16",6
"1143","2004-11-22",6
"1162","2004-12-11",6
"1166","2004-12-15",6
"1171","2004-12-20",6
"1174","2004-12-25",6
"1188","2005-01-08",6
"1190","2005-01-10",6
"1196","2005-01-16",6
"1201","2005-01-21",6
"1205","2005-01-25",6
"1211","2005-01-31",6
"1212","2005-02-01",6
"1232","2005-02-21",6
"1240","2005-03-02",6
"1243","2005-03-05",6
"1258","2005-03-21",6
"1265","2005-03-28",6
"1266","2005-03-29",6
"1268","2005-03-31",6
"1281","2005-04-13",6
"1289","2005-04-21",6
"1291","2005-04-23",6
"1294","2005-04-26",6
"1298","2005-04-30",6
"1302","2005-05-04",6
"1307","2005-05-09",6
"1314","2005-05-16",6
"1339","2005-06-10",6
"1371","2005-07-12",6
"1374","2005-07-15",6
"1378","2005-07-19",6
"1383","2005-07-24",6
"1395","2005-08-05",6
"1403","2005-08-13",6
"1406","2005-08-16",6
"1407","2005-08-17",6
"1412","2005-08-22",6
"1419","2005-08-29",6
"1427","2005-09-06",6
"1437","2005-09-16",6
"1443","2005-09-22",6
"1452","2005-10-01",6
"1454","2005-10-03",6
"1456","2005-10-05",6
"1466","2005-10-15",6
"1472","2005-10-21",6
"1491","2005-11-09",6
"1495","2005-11-13",6
"1496","2005-11-14",6
"1498","2005-11-16",6
"1510","2005-11-28",6
"1512","2005-11-30",6
"1527","2005-12-15",6
"1531","2005-12-19",6
"1543","2006-01-01",6
"1544","2006-01-02",6
"1567","2006-01-25",6
"1573","2006-01-31",6
"1598","2006-02-26",6
"1604","2006-03-04",6
"1608","2006-03-09",6
"1609","2006-03-10",6
"1618","2006-03-19",6
"1627","2006-03-28",6
"1642","2006-04-12",6
"1646","2006-04-16",6
"1647","2006-04-17",6
"1654","2006-04-24",6
"1656","2006-04-26",6
"1671","2006-05-11",6
"1682","2006-05-22",6
"1683","2006-05-23",6
"1699","2006-06-08",6
"1709","2006-06-18",6
"1723","2006-07-03",6
"1724","2006-07-04",6
"1725","2006-07-05",6
"1744","2006-07-24",6
"1755","2006-08-04",6
"1759","2006-08-08",6
"1762","2006-08-11",6
"1764","2006-08-13",6
"1769","2006-08-18",6
"1770","2006-08-19",6
"1773","2006-08-22",6
"1813","2006-10-04",6
"1818","2006-10-09",6
"1835","2006-10-27",6
"1855","2006-11-16",6
"1856","2006-11-17",6
"1875","2006-12-09",6
"1882","2006-12-17",6
"1903","2007-01-07",6
"1938","2007-02-12",6
"1949","2007-02-23",6
"1952","2007-02-26",6
"1959","2007-03-05",6
"1977","2007-03-24",6
"1988","2007-04-05",6
"1993","2007-04-10",6
"2003","2007-04-20",6
"2033","2007-05-20",6
"2035","2007-05-22",6
"2036","2007-05-23",6
"2039","2007-05-27",6
"2041","2007-05-29",6
"2046","2007-06-03",6
"2085","2007-07-15",6
"2098","2007-07-29",6
"2133","2007-09-05",6
"2143","2007-09-19",6
"2175","2007-10-23",6
"2185","2007-11-02",6
"2186","2007-11-03",6
"2199","2007-11-16",6
"2202","2007-11-19",6
"2209","2007-11-26",6
"2223","2007-12-10",6
"2240","2007-12-29",6
"2248","2008-01-07",6
"2251","2008-01-10",6
"2253","2008-01-12",6
"2258","2008-01-17",6
"2269","2008-01-28",6
"2285","2008-02-18",6
"2287","2008-02-20",6
"2291","2008-02-24",6
"2296","2008-02-29",6
"2299","2008-03-03",6
"2305","2008-03-09",6
"2307","2008-03-11",6
"2317","2008-03-22",6
"2331","2008-04-05",6
"2348","2008-04-23",6
"2359","2008-05-04",6
"2362","2008-05-07",6
"2373","2008-05-20",6
"2375","2008-05-22",6
"2388","2008-06-04",6
"2392","2008-06-08",6
"2393","2008-06-09",6
"2401","2008-06-17",6
"2405","2008-06-21",6
"2407","2008-06-23",6
"2414","2008-06-30",6
"2420","2008-07-06",6
"2445","2008-07-31",6
"2449","2008-08-04",6
"2460","2008-08-15",6
"2461","2008-08-16",6
"2467","2008-08-22",6
"2468","2008-08-23",6
"2472","2008-08-27",6
"2474","2008-08-29",6
"2490","2008-09-14",6
"2505","2008-09-29",6
"2507","2008-10-01",6
"2512","2008-10-06",6
"2530","2008-10-24",6
"2531","2008-10-25",6
"2532","2008-10-26",6
"2538","2008-11-01",6
"2558","2008-11-21",6
"2570","2008-12-03",6
"2572","2008-12-05",6
"2578","2008-12-11",6
"2581","2008-12-14",6
"2584","2008-12-17",6
"2585","2008-12-18",6
"2592","2008-12-25",6
"2595","2008-12-28",6
"2596","2008-12-29",6
"2601","2009-01-03",6
"2611","2009-01-13",6
"2616","2009-01-18",6
"2627","2009-01-29",6
"2636","2009-02-07",6
"2668","2009-03-11",6
"2678","2009-03-21",6
"2686","2009-03-29",6
"2688","2009-03-31",6
"2697","2009-04-09",6
"2701","2009-04-13",6
"2727","2009-05-09",6
"2738","2009-05-20",6
"2748","2009-05-30",6
"2756","2009-06-07",6
"2763","2009-06-14",6
"2772","2009-06-23",6
"2774","2009-06-25",6
"2776","2009-06-27",6
"2778","2009-06-29",6
"2785","2009-07-06",6
"2788","2009-07-09",6
"2790","2009-07-11",6
"2798","2009-07-19",6
"2809","2009-07-30",6
"2818","2009-08-08",6
"2820","2009-08-10",6
"2834","2009-08-24",6
"2851","2009-09-10",6
"2856","2009-09-15",6
"2860","2009-09-19",6
"2866","2009-09-25",6
"2875","2009-10-04",6
"2881","2009-10-10",6
"2888","2009-10-17",6
"2889","2009-10-18",6
"2899","2009-10-29",6
"2903","2009-11-02",6
"2904","2009-11-03",6
"2911","2009-11-10",6
"2919","2009-11-18",6
"2920","2009-11-19",6
"2927","2009-11-26",6
"2935","2009-12-04",6
"2936","2009-12-05",6
"2942","2009-12-11",6
"2945","2009-12-14",6
"2946","2009-12-15",6
"2951","2009-12-20",6
"2955","2009-12-24",6
"2962","2009-12-31",6
"2966","2010-01-04",6
"2968","2010-01-06",6
"2970","2010-01-08",6
"2971","2010-01-09",6
"2985","2010-01-23",6
"2986","2010-01-24",6
"2996","2010-02-03",6
"2997","2010-02-04",6
"2999","2010-02-06",6
"3023","2010-03-02",6
"3030","2010-03-09",6
"3045","2010-03-24",6
"3050","2010-03-31",6
"3059","2010-04-09",6
"3063","2010-04-13",6
"3067","2010-04-17",6
"3069","2010-04-19",6
"3081","2010-05-01",6
"3085","2010-05-05",6
"3086","2010-05-06",6
"3095","2010-05-15",6
"3118","2010-06-07",6
"3120","2010-06-09",6
"3133","2010-06-22",6
"3134","2010-06-23",6
"3139","2010-06-28",6
"3143","2010-07-02",6
"3148","2010-07-07",6
"3150","2010-07-09",6
"3152","2010-07-11",6
"3155","2010-07-14",6
"3156","2010-07-15",6
"3170","2010-07-29",6
"3174","2010-08-02",6
"3176","2010-08-04",6
"3181","2010-08-09",6
"3201","2010-08-30",6
"3214","2010-09-12",6
"3221","2010-09-19",6
"3225","2010-09-23",6
"3234","2010-10-03",6
"3240","2010-10-09",6
"3270","2010-11-08",6
"3279","2010-11-17",6
"3296","2010-12-04",6
"3301","2010-12-09",6
"3308","2010-12-16",6
"3309","2010-12-17",6
"3310","2010-12-18",6
"3320","2010-12-28",6
"3321","2010-12-29",6
"3334","2011-01-11",6
"3350","2011-01-27",6
"3365","2011-02-11",6
"3379","2011-02-26",6
"3399","2011-03-18",6
"3400","2011-03-19",6
"3401","2011-03-20",6
"3414","2011-04-02",6
"3425","2011-04-13",6
"3429","2011-04-17",6
"3431","2011-04-19",6
"3433","2011-04-21",6
"3440","2011-04-28",6
"3451","2011-05-09",6
"3458","2011-05-16",6
"3459","2011-05-17",6
"3474","2011-06-01",6
"3479","2011-06-06",6
"3488","2011-06-15",6
"3496","2011-06-23",6
"3502","2011-06-29",6
"3504","2011-07-01",6
"3506","2011-07-03",6
"3507","2011-07-04",6
"3512","2011-07-09",6
"3515","2011-07-12",6
"3516","2011-07-13",6
"3520","2011-07-17",6
"3529","2011-07-26",6
"3538","2011-08-04",6
"3554","2011-08-20",6
"3573","2011-09-08",6
"3587","2011-09-23",6
"3598","2011-10-04",6
"3616","2011-10-22",6
"3624","2011-10-30",6
"3635","2011-11-11",6
"3645","2011-11-21",6
"3647","2011-11-23",6
"3649","2011-11-25",6
"3651","2011-11-27",6
"3662","2011-12-08",6
"3669","2011-12-15",6
"3671","2011-12-17",6
"3684","2011-12-30",6
"3688","2012-01-03",6
"3694","2012-01-09",6
"3703","2012-01-18",6
"3717","2012-02-01",6
"3728","2012-02-15",6
"3735","2012-02-22",6
"3743","2012-03-01",6
"3747","2012-03-05",6
"3748","2012-03-06",6
"3751","2012-03-09",6
"3759","2012-03-17",6
"3766","2012-03-25",6
"3787","2012-04-16",6
"3789","2012-04-18",6
"3791","2012-04-20",6
"3798","2012-04-27",6
"3819","2012-05-18",6
"3834","2012-06-02",6
"3840","2012-06-08",6
"3861","2012-07-01",6
"3862","2012-07-02",6
"3865","2012-07-05",6
"3874","2012-07-16",6
"3878","2012-07-20",6
"3884","2012-07-26",6
"3897","2012-08-08",6
"3899","2012-08-10",6
"3919","2012-08-30",6
"3928","2012-09-08",6
"3934","2012-09-14",6
"3940","2012-09-20",6
"3942","2012-09-22",6
"3945","2012-09-25",6
"3948","2012-09-28",6
"3949","2012-09-29",6
"3954","2012-10-04",6
"3986","2012-11-05",6
"3992","2012-11-11",6
"4010","2012-11-29",6
"4018","2012-12-07",6
"4021","2012-12-10",6
"4027","2012-12-16",6
"4029","2012-12-18",6
"4035","2012-12-24",6
"4061","2013-01-19",6
"4070","2013-01-28",6
"4085","2013-02-12",6
"4090","2013-02-18",6
"4092","2013-02-20",6
"4093","2013-02-21",6
"4096","2013-02-24",6
"4133","2013-04-02",6
"4136","2013-04-05",6
"4144","2013-04-13",6
"4153","2013-04-22",6
"4160","2013-04-29",6
"4174","2013-05-13",6
"4186","2013-05-25",6
"4199","2013-06-08",6
"4213","2013-06-22",6
"4220","2013-06-29",6
"4225","2013-07-04",6
"4229","2013-07-08",6
"4232","2013-07-11",6
"4252","2013-07-31",6
"4265","2013-08-13",6
"4272","2013-08-20",6
"4277","2013-08-25",6
"4280","2013-08-28",6
"4296","2013-09-13",6
"4305","2013-09-22",6
"4306","2013-09-23",6
"4319","2013-10-06",6
"4345","2013-11-01",6
"4347","2013-11-03",6
"4362","2013-11-19",6
"4369","2013-11-26",6
"4382","2013-12-10",6
"4407","2014-01-04",6
"4414","2014-01-11",6
"4415","2014-01-12",6
"4427","2014-01-25",6
"4430","2014-01-28",6
"4443","2014-02-11",6
"4455","2014-02-23",6
"4458","2014-02-26",6
"4472","2014-03-13",6
"4474","2014-03-15",6
"4516","2014-04-26",6
"4517","2014-04-27",6
"4532","2014-05-12",6
"4558","2014-06-08",6
"29","2001-09-18",7
"40","2001-09-29",7
"42","2001-10-01",7
"49","2001-10-08",7
"56","2001-10-15",7
"82","2001-11-14",7
"94","2001-11-27",7
"95","2001-11-28",7
"107","2001-12-10",7
"109","2001-12-12",7
"113","2001-12-16",7
"114","2001-12-17",7
"120","2001-12-23",7
"125","2001-12-29",7
"153","2002-01-26",7
"156","2002-01-29",7
"174","2002-02-16",7
"188","2002-03-02",7
"190","2002-03-04",7
"194","2002-03-08",7
"198","2002-03-12",7
"199","2002-03-13",7
"231","2002-04-14",7
"240","2002-04-23",7
"253","2002-05-06",7
"255","2002-05-08",7
"263","2002-05-16",7
"267","2002-05-20",7
"268","2002-05-21",7
"270","2002-05-23",7
"313","2002-07-05",7
"354","2002-08-15",7
"356","2002-08-17",7
"377","2002-09-07",7
"379","2002-09-09",7
"406","2002-10-06",7
"407","2002-10-07",7
"426","2002-10-27",7
"434","2002-11-04",7
"435","2002-11-05",7
"456","2002-11-26",7
"458","2002-11-28",7
"464","2002-12-04",7
"514","2003-02-05",7
"519","2003-02-10",7
"533","2003-02-25",7
"538","2003-03-02",7
"547","2003-03-11",7
"559","2003-03-23",7
"597","2003-05-02",7
"598","2003-05-03",7
"603","2003-05-08",7
"604","2003-05-09",7
"609","2003-05-14",7
"648","2003-06-22",7
"655","2003-06-29",7
"656","2003-06-30",7
"664","2003-07-22",7
"714","2003-09-10",7
"718","2003-09-14",7
"721","2003-09-17",7
"724","2003-09-20",7
"732","2003-09-28",7
"735","2003-10-01",7
"744","2003-10-10",7
"768","2003-11-03",7
"769","2003-11-04",7
"791","2003-11-26",7
"792","2003-11-27",7
"801","2003-12-06",7
"807","2003-12-12",7
"843","2004-01-17",7
"864","2004-02-07",7
"874","2004-02-18",7
"949","2004-05-05",7
"954","2004-05-10",7
"971","2004-05-27",7
"1014","2004-07-10",7
"1021","2004-07-17",7
"1022","2004-07-18",7
"1049","2004-08-15",7
"1057","2004-08-25",7
"1076","2004-09-14",7
"1104","2004-10-14",7
"1124","2004-11-03",7
"1132","2004-11-11",7
"1135","2004-11-14",7
"1139","2004-11-18",7
"1150","2004-11-29",7
"1151","2004-11-30",7
"1152","2004-12-01",7
"1159","2004-12-08",7
"1173","2004-12-23",7
"1191","2005-01-11",7
"1200","2005-01-20",7
"1203","2005-01-23",7
"1208","2005-01-28",7
"1217","2005-02-06",7
"1237","2005-02-26",7
"1238","2005-02-27",7
"1253","2005-03-16",7
"1261","2005-03-24",7
"1279","2005-04-11",7
"1319","2005-05-21",7
"1335","2005-06-06",7
"1342","2005-06-13",7
"1361","2005-07-02",7
"1363","2005-07-04",7
"1369","2005-07-10",7
"1414","2005-08-24",7
"1422","2005-09-01",7
"1426","2005-09-05",7
"1428","2005-09-07",7
"1432","2005-09-11",7
"1434","2005-09-13",7
"1444","2005-09-23",7
"1462","2005-10-11",7
"1463","2005-10-12",7
"1473","2005-10-22",7
"1485","2005-11-03",7
"1486","2005-11-04",7
"1492","2005-11-10",7
"1493","2005-11-11",7
"1507","2005-11-25",7
"1516","2005-12-04",7
"1525","2005-12-13",7
"1534","2005-12-23",7
"1536","2005-12-25",7
"1547","2006-01-05",7
"1550","2006-01-08",7
"1557","2006-01-15",7
"1579","2006-02-06",7
"1594","2006-02-22",7
"1596","2006-02-24",7
"1600","2006-02-28",7
"1602","2006-03-02",7
"1606","2006-03-07",7
"1612","2006-03-13",7
"1619","2006-03-20",7
"1637","2006-04-07",7
"1662","2006-05-02",7
"1665","2006-05-05",7
"1678","2006-05-18",7
"1690","2006-05-30",7
"1696","2006-06-05",7
"1718","2006-06-28",7
"1767","2006-08-16",7
"1774","2006-08-23",7
"1775","2006-08-24",7
"1793","2006-09-13",7
"1807","2006-09-28",7
"1874","2006-12-08",7
"2061","2007-06-19",7
"2070","2007-06-28",7
"2103","2007-08-05",7
"2111","2007-08-13",7
"2154","2007-10-01",7
"2181","2007-10-29",7
"2182","2007-10-30",7
"2188","2007-11-05",7
"2191","2007-11-08",7
"2192","2007-11-09",7
"2200","2007-11-17",7
"2243","2008-01-01",7
"2272","2008-01-31",7
"2280","2008-02-08",7
"2288","2008-02-21",7
"2306","2008-03-10",7
"2346","2008-04-21",7
"2347","2008-04-22",7
"2394","2008-06-10",7
"2408","2008-06-24",7
"2422","2008-07-08",7
"2425","2008-07-11",7
"2440","2008-07-26",7
"2447","2008-08-02",7
"2477","2008-09-01",7
"2482","2008-09-06",7
"2494","2008-09-18",7
"2510","2008-10-04",7
"2537","2008-10-31",7
"2547","2008-11-10",7
"2560","2008-11-23",7
"2590","2008-12-23",7
"2591","2008-12-24",7
"2598","2008-12-31",7
"2599","2009-01-01",7
"2600","2009-01-02",7
"2610","2009-01-12",7
"2615","2009-01-17",7
"2632","2009-02-03",7
"2660","2009-03-03",7
"2673","2009-03-16",7
"2693","2009-04-05",7
"2694","2009-04-06",7
"2696","2009-04-08",7
"2711","2009-04-23",7
"2726","2009-05-08",7
"2731","2009-05-13",7
"2742","2009-05-24",7
"2744","2009-05-26",7
"2758","2009-06-09",7
"2762","2009-06-13",7
"2765","2009-06-16",7
"2775","2009-06-26",7
"2779","2009-06-30",7
"2780","2009-07-01",7
"2787","2009-07-08",7
"2801","2009-07-22",7
"2804","2009-07-25",7
"2810","2009-07-31",7
"2814","2009-08-04",7
"2821","2009-08-11",7
"2823","2009-08-13",7
"2827","2009-08-17",7
"2842","2009-09-01",7
"2853","2009-09-12",7
"2855","2009-09-14",7
"2863","2009-09-22",7
"2876","2009-10-05",7
"2883","2009-10-12",7
"2887","2009-10-16",7
"2891","2009-10-20",7
"2895","2009-10-25",7
"2896","2009-10-26",7
"2898","2009-10-28",7
"2910","2009-11-09",7
"2912","2009-11-11",7
"2913","2009-11-12",7
"2918","2009-11-17",7
"2926","2009-11-25",7
"2956","2009-12-25",7
"2959","2009-12-28",7
"2964","2010-01-02",7
"2973","2010-01-11",7
"2975","2010-01-13",7
"2976","2010-01-14",7
"2981","2010-01-19",7
"2987","2010-01-25",7
"3006","2010-02-13",7
"3020","2010-02-27",7
"3022","2010-03-01",7
"3031","2010-03-10",7
"3032","2010-03-11",7
"3035","2010-03-14",7
"3036","2010-03-15",7
"3052","2010-04-02",7
"3057","2010-04-07",7
"3062","2010-04-12",7
"3066","2010-04-16",7
"3068","2010-04-18",7
"3077","2010-04-27",7
"3082","2010-05-02",7
"3083","2010-05-03",7
"3096","2010-05-16",7
"3107","2010-05-27",7
"3113","2010-06-02",7
"3115","2010-06-04",7
"3117","2010-06-06",7
"3132","2010-06-21",7
"3137","2010-06-26",7
"3140","2010-06-29",7
"3158","2010-07-17",7
"3177","2010-08-05",7
"3194","2010-08-23",7
"3196","2010-08-25",7
"3197","2010-08-26",7
"3209","2010-09-07",7
"3210","2010-09-08",7
"3220","2010-09-18",7
"3236","2010-10-05",7
"3245","2010-10-14",7
"3265","2010-11-03",7
"3276","2010-11-14",7
"3277","2010-11-15",7
"3291","2010-11-29",7
"3327","2011-01-04",7
"3328","2011-01-05",7
"3329","2011-01-06",7
"3332","2011-01-09",7
"3357","2011-02-03",7
"3360","2011-02-06",7
"3366","2011-02-12",7
"3371","2011-02-17",7
"3380","2011-02-27",7
"3381","2011-02-28",7
"3382","2011-03-01",7
"3383","2011-03-02",7
"3387","2011-03-06",7
"3389","2011-03-08",7
"3394","2011-03-13",7
"3396","2011-03-15",7
"3411","2011-03-30",7
"3421","2011-04-09",7
"3422","2011-04-10",7
"3453","2011-05-11",7
"3484","2011-06-11",7
"3489","2011-06-16",7
"3491","2011-06-18",7
"3501","2011-06-28",7
"3508","2011-07-05",7
"3537","2011-08-03",7
"3547","2011-08-13",7
"3553","2011-08-19",7
"3559","2011-08-25",7
"3560","2011-08-26",7
"3564","2011-08-30",7
"3568","2011-09-03",7
"3570","2011-09-05",7
"3580","2011-09-16",7
"3586","2011-09-22",7
"3592","2011-09-28",7
"3594","2011-09-30",7
"3609","2011-10-15",7
"3618","2011-10-24",7
"3640","2011-11-16",7
"3653","2011-11-29",7
"3660","2011-12-06",7
"3667","2011-12-13",7
"3677","2011-12-23",7
"3685","2011-12-31",7
"3709","2012-01-24",7
"3710","2012-01-25",7
"3716","2012-01-31",7
"3730","2012-02-17",7
"3761","2012-03-19",7
"3767","2012-03-26",7
"3771","2012-03-30",7
"3773","2012-04-01",7
"3779","2012-04-07",7
"3780","2012-04-08",7
"3785","2012-04-14",7
"3790","2012-04-19",7
"3813","2012-05-12",7
"3821","2012-05-20",7
"3826","2012-05-25",7
"3835","2012-06-03",7
"3845","2012-06-13",7
"3848","2012-06-16",7
"3852","2012-06-20",7
"3858","2012-06-26",7
"3859","2012-06-28",7
"3867","2012-07-07",7
"3876","2012-07-18",7
"3886","2012-07-28",7
"3917","2012-08-28",7
"3947","2012-09-27",7
"3951","2012-10-01",7
"3966","2012-10-16",7
"4000","2012-11-19",7
"4015","2012-12-04",7
"4024","2012-12-13",7
"4038","2012-12-27",7
"4046","2013-01-04",7
"4047","2013-01-05",7
"4062","2013-01-20",7
"4065","2013-01-23",7
"4074","2013-02-01",7
"4079","2013-02-06",7
"4089","2013-02-16",7
"4106","2013-03-06",7
"4108","2013-03-08",7
"4112","2013-03-12",7
"4118","2013-03-18",7
"4119","2013-03-19",7
"4127","2013-03-27",7
"4140","2013-04-09",7
"4170","2013-05-09",7
"4177","2013-05-16",7
"4207","2013-06-16",7
"4218","2013-06-27",7
"4226","2013-07-05",7
"4239","2013-07-18",7
"4241","2013-07-20",7
"4263","2013-08-11",7
"4299","2013-09-16",7
"4324","2013-10-11",7
"4335","2013-10-22",7
"4336","2013-10-23",7
"4353","2013-11-10",7
"4354","2013-11-11",7
"4386","2013-12-14",7
"4402","2013-12-30",7
"4404","2014-01-01",7
"4409","2014-01-06",7
"4449","2014-02-17",7
"4478","2014-03-19",7
"4484","2014-03-25",7
"4485","2014-03-26",7
"4496","2014-04-06",7
"4521","2014-05-01",7
"4525","2014-05-05",7
"4571","2014-06-21",7
"14","2001-09-03",8
"32","2001-09-21",8
"60","2001-10-23",8
"65","2001-10-28",8
"74","2001-11-06",8
"102","2001-12-05",8
"112","2001-12-15",8
"119","2001-12-22",8
"132","2002-01-05",8
"137","2002-01-10",8
"139","2002-01-12",8
"144","2002-01-17",8
"147","2002-01-20",8
"154","2002-01-27",8
"161","2002-02-03",8
"176","2002-02-18",8
"187","2002-03-01",8
"192","2002-03-06",8
"204","2002-03-18",8
"217","2002-03-31",8
"239","2002-04-22",8
"257","2002-05-10",8
"274","2002-05-27",8
"317","2002-07-09",8
"323","2002-07-15",8
"329","2002-07-21",8
"349","2002-08-10",8
"350","2002-08-11",8
"359","2002-08-20",8
"361","2002-08-22",8
"365","2002-08-26",8
"371","2002-09-01",8
"375","2002-09-05",8
"380","2002-09-10",8
"385","2002-09-15",8
"433","2002-11-03",8
"436","2002-11-06",8
"445","2002-11-15",8
"454","2002-11-24",8
"466","2002-12-06",8
"497","2003-01-19",8
"509","2003-01-31",8
"518","2003-02-09",8
"528","2003-02-20",8
"540","2003-03-04",8
"548","2003-03-12",8
"571","2003-04-04",8
"573","2003-04-06",8
"578","2003-04-11",8
"580","2003-04-13",8
"626","2003-05-31",8
"669","2003-07-27",8
"693","2003-08-20",8
"709","2003-09-05",8
"731","2003-09-27",8
"733","2003-09-29",8
"736","2003-10-02",8
"739","2003-10-05",8
"750","2003-10-16",8
"758","2003-10-24",8
"775","2003-11-10",8
"784","2003-11-19",8
"793","2003-11-28",8
"827","2004-01-01",8
"828","2004-01-02",8
"830","2004-01-04",8
"832","2004-01-06",8
"838","2004-01-12",8
"976","2004-06-01",8
"1016","2004-07-12",8
"1118","2004-10-28",8
"1131","2004-11-10",8
"1149","2004-11-28",8
"1156","2004-12-05",8
"1197","2005-01-17",8
"1204","2005-01-24",8
"1210","2005-01-30",8
"1220","2005-02-09",8
"1234","2005-02-23",8
"1236","2005-02-25",8
"1241","2005-03-03",8
"1252","2005-03-15",8
"1267","2005-03-30",8
"1274","2005-04-06",8
"1288","2005-04-20",8
"1324","2005-05-26",8
"1332","2005-06-03",8
"1350","2005-06-21",8
"1358","2005-06-29",8
"1366","2005-07-07",8
"1387","2005-07-28",8
"1391","2005-08-01",8
"1399","2005-08-09",8
"1401","2005-08-11",8
"1404","2005-08-14",8
"1424","2005-09-03",8
"1425","2005-09-04",8
"1430","2005-09-09",8
"1431","2005-09-10",8
"1433","2005-09-12",8
"1446","2005-09-25",8
"1455","2005-10-04",8
"1460","2005-10-09",8
"1475","2005-10-24",8
"1478","2005-10-27",8
"1479","2005-10-28",8
"1490","2005-11-08",8
"1494","2005-11-12",8
"1508","2005-11-26",8
"1528","2005-12-16",8
"1564","2006-01-22",8
"1607","2006-03-08",8
"1622","2006-03-23",8
"1628","2006-03-29",8
"1631","2006-04-01",8
"1658","2006-04-28",8
"1661","2006-05-01",8
"1672","2006-05-12",8
"1679","2006-05-19",8
"1681","2006-05-21",8
"1688","2006-05-28",8
"1722","2006-07-02",8
"1745","2006-07-25",8
"1894","2006-12-29",8
"1927","2007-02-01",8
"1994","2007-04-11",8
"2147","2007-09-23",8
"2197","2007-11-14",8
"2205","2007-11-22",8
"2267","2008-01-26",8
"2286","2008-02-19",8
"2301","2008-03-05",8
"2303","2008-03-07",8
"2313","2008-03-17",8
"2360","2008-05-05",8
"2438","2008-07-24",8
"2442","2008-07-28",8
"2444","2008-07-30",8
"2448","2008-08-03",8
"2451","2008-08-06",8
"2463","2008-08-18",8
"2464","2008-08-19",8
"2466","2008-08-21",8
"2473","2008-08-28",8
"2488","2008-09-12",8
"2489","2008-09-13",8
"2493","2008-09-17",8
"2503","2008-09-27",8
"2506","2008-09-30",8
"2508","2008-10-02",8
"2515","2008-10-09",8
"2517","2008-10-11",8
"2523","2008-10-17",8
"2525","2008-10-19",8
"2550","2008-11-13",8
"2556","2008-11-19",8
"2561","2008-11-24",8
"2568","2008-12-01",8
"2606","2009-01-08",8
"2629","2009-01-31",8
"2645","2009-02-16",8
"2647","2009-02-18",8
"2650","2009-02-21",8
"2657","2009-02-28",8
"2663","2009-03-06",8
"2667","2009-03-10",8
"2672","2009-03-15",8
"2684","2009-03-27",8
"2687","2009-03-30",8
"2691","2009-04-03",8
"2708","2009-04-20",8
"2714","2009-04-26",8
"2719","2009-05-01",8
"2729","2009-05-11",8
"2735","2009-05-17",8
"2757","2009-06-08",8
"2769","2009-06-20",8
"2777","2009-06-28",8
"2782","2009-07-03",8
"2784","2009-07-05",8
"2791","2009-07-12",8
"2794","2009-07-15",8
"2795","2009-07-16",8
"2822","2009-08-12",8
"2824","2009-08-14",8
"2829","2009-08-19",8
"2832","2009-08-22",8
"2845","2009-09-04",8
"2846","2009-09-05",8
"2852","2009-09-11",8
"2854","2009-09-13",8
"2857","2009-09-16",8
"2861","2009-09-20",8
"2877","2009-10-06",8
"2909","2009-11-08",8
"2937","2009-12-06",8
"2940","2009-12-09",8
"2953","2009-12-22",8
"2972","2010-01-10",8
"2993","2010-01-31",8
"3013","2010-02-20",8
"3027","2010-03-06",8
"3037","2010-03-16",8
"3043","2010-03-22",8
"3055","2010-04-05",8
"3058","2010-04-08",8
"3071","2010-04-21",8
"3072","2010-04-22",8
"3075","2010-04-25",8
"3089","2010-05-09",8
"3093","2010-05-13",8
"3110","2010-05-30",8
"3114","2010-06-03",8
"3116","2010-06-05",8
"3119","2010-06-08",8
"3147","2010-07-06",8
"3154","2010-07-13",8
"3172","2010-07-31",8
"3178","2010-08-06",8
"3192","2010-08-21",8
"3202","2010-08-31",8
"3206","2010-09-04",8
"3223","2010-09-21",8
"3227","2010-09-25",8
"3230","2010-09-28",8
"3238","2010-10-07",8
"3259","2010-10-28",8
"3260","2010-10-29",8
"3275","2010-11-13",8
"3304","2010-12-12",8
"3317","2010-12-25",8
"3325","2011-01-02",8
"3326","2011-01-03",8
"3336","2011-01-13",8
"3343","2011-01-20",8
"3348","2011-01-25",8
"3361","2011-02-07",8
"3404","2011-03-23",8
"3409","2011-03-28",8
"3419","2011-04-07",8
"3420","2011-04-08",8
"3462","2011-05-20",8
"3475","2011-06-02",8
"3495","2011-06-22",8
"3511","2011-07-08",8
"3567","2011-09-02",8
"3595","2011-10-01",8
"3634","2011-11-09",8
"3646","2011-11-22",8
"3652","2011-11-28",8
"3658","2011-12-04",8
"3659","2011-12-05",8
"3664","2011-12-10",8
"3691","2012-01-06",8
"3726","2012-02-13",8
"3784","2012-04-12",8
"3810","2012-05-09",8
"3812","2012-05-11",8
"3823","2012-05-22",8
"3873","2012-07-15",8
"3895","2012-08-06",8
"3903","2012-08-14",8
"3935","2012-09-15",8
"3990","2012-11-09",8
"4016","2012-12-05",8
"4017","2012-12-06",8
"4033","2012-12-22",8
"4151","2013-04-20",8
"4156","2013-04-25",8
"4175","2013-05-14",8
"4176","2013-05-15",8
"4222","2013-07-01",8
"4231","2013-07-10",8
"4233","2013-07-12",8
"4237","2013-07-16",8
"4248","2013-07-27",8
"4249","2013-07-28",8
"4295","2013-09-12",8
"4304","2013-09-21",8
"4480","2014-03-21",8
"4508","2014-04-18",8
"4514","2014-04-24",8
"4518","2014-04-28",8
"25","2001-09-14",9
"28","2001-09-17",9
"31","2001-09-20",9
"92","2001-11-25",9
"126","2001-12-30",9
"133","2002-01-06",9
"135","2002-01-08",9
"151","2002-01-24",9
"159","2002-02-01",9
"160","2002-02-02",9
"167","2002-02-09",9
"180","2002-02-22",9
"183","2002-02-25",9
"197","2002-03-11",9
"207","2002-03-21",9
"212","2002-03-26",9
"219","2002-04-02",9
"241","2002-04-24",9
"291","2002-06-13",9
"305","2002-06-27",9
"324","2002-07-16",9
"327","2002-07-19",9
"342","2002-08-03",9
"355","2002-08-16",9
"441","2002-11-11",9
"442","2002-11-12",9
"455","2002-11-25",9
"494","2003-01-16",9
"534","2003-02-26",9
"545","2003-03-09",9
"549","2003-03-13",9
"551","2003-03-15",9
"554","2003-03-18",9
"596","2003-05-01",9
"599","2003-05-04",9
"629","2003-06-03",9
"636","2003-06-10",9
"645","2003-06-19",9
"646","2003-06-20",9
"678","2003-08-05",9
"681","2003-08-08",9
"682","2003-08-09",9
"701","2003-08-28",9
"706","2003-09-02",9
"711","2003-09-07",9
"746","2003-10-12",9
"747","2003-10-13",9
"783","2003-11-18",9
"799","2003-12-04",9
"808","2003-12-13",9
"810","2003-12-15",9
"821","2003-12-26",9
"947","2004-05-03",9
"1046","2004-08-12",9
"1138","2004-11-17",9
"1157","2004-12-06",9
"1192","2005-01-12",9
"1226","2005-02-15",9
"1231","2005-02-20",9
"1251","2005-03-14",9
"1276","2005-04-08",9
"1293","2005-04-25",9
"1300","2005-05-02",9
"1341","2005-06-12",9
"1380","2005-07-21",9
"1386","2005-07-27",9
"1408","2005-08-18",9
"1421","2005-08-31",9
"1468","2005-10-17",9
"1469","2005-10-18",9
"1476","2005-10-25",9
"1477","2005-10-26",9
"1524","2005-12-12",9
"1533","2005-12-22",9
"1583","2006-02-10",9
"1613","2006-03-14",9
"1623","2006-03-24",9
"1636","2006-04-06",9
"1653","2006-04-23",9
"1726","2006-07-06",9
"1778","2006-08-27",9
"1827","2006-10-18",9
"2156","2007-10-04",9
"2231","2007-12-19",9
"2371","2008-05-18",9
"2395","2008-06-11",9
"2404","2008-06-20",9
"2406","2008-06-22",9
"2450","2008-08-05",9
"2457","2008-08-12",9
"2471","2008-08-26",9
"2478","2008-09-02",9
"2486","2008-09-10",9
"2491","2008-09-15",9
"2497","2008-09-21",9
"2502","2008-09-26",9
"2504","2008-09-28",9
"2509","2008-10-03",9
"2529","2008-10-23",9
"2534","2008-10-28",9
"2557","2008-11-20",9
"2564","2008-11-27",9
"2577","2008-12-10",9
"2604","2009-01-06",9
"2607","2009-01-09",9
"2613","2009-01-15",9
"2617","2009-01-19",9
"2628","2009-01-30",9
"2634","2009-02-05",9
"2646","2009-02-17",9
"2648","2009-02-19",9
"2651","2009-02-22",9
"2652","2009-02-23",9
"2656","2009-02-27",9
"2682","2009-03-25",9
"2698","2009-04-10",9
"2700","2009-04-12",9
"2704","2009-04-16",9
"2705","2009-04-17",9
"2707","2009-04-19",9
"2728","2009-05-10",9
"2733","2009-05-15",9
"2740","2009-05-22",9
"2746","2009-05-28",9
"2764","2009-06-15",9
"2767","2009-06-18",9
"2768","2009-06-19",9
"2773","2009-06-24",9
"2802","2009-07-23",9
"2805","2009-07-26",9
"2816","2009-08-06",9
"2825","2009-08-15",9
"2836","2009-08-26",9
"2867","2009-09-26",9
"2870","2009-09-29",9
"2879","2009-10-08",9
"2882","2009-10-11",9
"2885","2009-10-14",9
"2892","2009-10-21",9
"2916","2009-11-15",9
"2939","2009-12-08",9
"2944","2009-12-13",9
"2948","2009-12-17",9
"2960","2009-12-29",9
"2963","2010-01-01",9
"2982","2010-01-20",9
"2989","2010-01-27",9
"3009","2010-02-16",9
"3017","2010-02-24",9
"3021","2010-02-28",9
"3029","2010-03-08",9
"3038","2010-03-17",9
"3042","2010-03-21",9
"3073","2010-04-23",9
"3090","2010-05-10",9
"3092","2010-05-12",9
"3101","2010-05-21",9
"3121","2010-06-10",9
"3122","2010-06-11",9
"3124","2010-06-13",9
"3135","2010-06-24",9
"3153","2010-07-12",9
"3162","2010-07-21",9
"3169","2010-07-28",9
"3180","2010-08-08",9
"3207","2010-09-05",9
"3280","2010-11-18",9
"3306","2010-12-14",9
"3322","2010-12-30",9
"3337","2011-01-14",9
"3417","2011-04-05",9
"3478","2011-06-05",9
"3528","2011-07-25",9
"3531","2011-07-28",9
"3542","2011-08-08",9
"3544","2011-08-10",9
"3578","2011-09-14",9
"3650","2011-11-26",9
"3663","2011-12-09",9
"3689","2012-01-04",9
"3698","2012-01-13",9
"3704","2012-01-19",9
"3742","2012-02-29",9
"3768","2012-03-27",9
"3782","2012-04-10",9
"3844","2012-06-12",9
"3913","2012-08-24",9
"3930","2012-09-10",9
"3959","2012-10-09",9
"4014","2012-12-03",9
"4023","2012-12-12",9
"4072","2013-01-30",9
"4120","2013-03-20",9
"4152","2013-04-21",9
"4163","2013-05-02",9
"4173","2013-05-12",9
"4192","2013-05-31",9
"4195","2013-06-03",9
"4227","2013-07-06",9
"4230","2013-07-09",9
"4240","2013-07-19",9
"4250","2013-07-29",9
"4271","2013-08-19",9
"4509","2014-04-19",9
"4510","2014-04-20",9
"21","2001-09-10",10
"26","2001-09-15",10
"35","2001-09-24",10
"66","2001-10-29",10
"88","2001-11-21",10
"111","2001-12-14",10
"116","2001-12-19",10
"158","2002-01-31",10
"172","2002-02-14",10
"181","2002-02-23",10
"191","2002-03-05",10
"206","2002-03-20",10
"213","2002-03-27",10
"225","2002-04-08",10
"259","2002-05-12",10
"261","2002-05-14",10
"264","2002-05-17",10
"266","2002-05-19",10
"280","2002-06-02",10
"303","2002-06-25",10
"319","2002-07-11",10
"320","2002-07-12",10
"337","2002-07-29",10
"438","2002-11-08",10
"498","2003-01-20",10
"515","2003-02-06",10
"520","2003-02-11",10
"576","2003-04-09",10
"594","2003-04-29",10
"613","2003-05-18",10
"615","2003-05-20",10
"627","2003-06-01",10
"657","2003-07-01",10
"672","2003-07-30",10
"674","2003-08-01",10
"698","2003-08-25",10
"707","2003-09-03",10
"729","2003-09-25",10
"749","2003-10-15",10
"755","2003-10-21",10
"762","2003-10-28",10
"790","2003-11-25",10
"797","2003-12-02",10
"822","2003-12-27",10
"833","2004-01-07",10
"961","2004-05-17",10
"1116","2004-10-26",10
"1245","2005-03-07",10
"1338","2005-06-09",10
"1359","2005-06-30",10
"1382","2005-07-23",10
"1400","2005-08-10",10
"1474","2005-10-23",10
"1558","2006-01-16",10
"1559","2006-01-17",10
"1691","2006-05-31",10
"2086","2007-07-16",10
"2187","2007-11-04",10
"2201","2007-11-18",10
"2242","2007-12-31",10
"2300","2008-03-04",10
"2361","2008-05-06",10
"2363","2008-05-08",10
"2446","2008-08-01",10
"2469","2008-08-24",10
"2518","2008-10-12",10
"2522","2008-10-16",10
"2535","2008-10-29",10
"2541","2008-11-04",10
"2545","2008-11-08",10
"2546","2008-11-09",10
"2553","2008-11-16",10
"2567","2008-11-30",10
"2594","2008-12-27",10
"2597","2008-12-30",10
"2640","2009-02-11",10
"2641","2009-02-12",10
"2642","2009-02-13",10
"2643","2009-02-14",10
"2658","2009-03-01",10
"2662","2009-03-05",10
"2665","2009-03-08",10
"2666","2009-03-09",10
"2685","2009-03-28",10
"2699","2009-04-11",10
"2706","2009-04-18",10
"2709","2009-04-21",10
"2715","2009-04-27",10
"2721","2009-05-03",10
"2724","2009-05-06",10
"2739","2009-05-21",10
"2745","2009-05-27",10
"2753","2009-06-04",10
"2760","2009-06-11",10
"2812","2009-08-02",10
"2817","2009-08-07",10
"2828","2009-08-18",10
"2833","2009-08-23",10
"2838","2009-08-28",10
"2869","2009-09-28",10
"2880","2009-10-09",10
"2893","2009-10-23",10
"2894","2009-10-24",10
"2905","2009-11-04",10
"2938","2009-12-07",10
"2961","2009-12-30",10
"2967","2010-01-05",10
"2980","2010-01-18",10
"2994","2010-02-01",10
"3000","2010-02-07",10
"3001","2010-02-08",10
"3010","2010-02-17",10
"3014","2010-02-21",10
"3025","2010-03-04",10
"3026","2010-03-05",10
"3028","2010-03-07",10
"3034","2010-03-13",10
"3047","2010-03-28",10
"3076","2010-04-26",10
"3087","2010-05-07",10
"3091","2010-05-11",10
"3094","2010-05-14",10
"3097","2010-05-17",10
"3098","2010-05-18",10
"3100","2010-05-20",10
"3112","2010-06-01",10
"3138","2010-06-27",10
"3142","2010-07-01",10
"3164","2010-07-23",10
"3222","2010-09-20",10
"3251","2010-10-20",10
"3297","2010-12-05",10
"3384","2011-03-03",10
"3391","2011-03-10",10
"3513","2011-07-10",10
"3519","2011-07-16",10
"3526","2011-07-23",10
"3574","2011-09-09",10
"3765","2012-03-24",10
"3770","2012-03-29",10
"3772","2012-03-31",10
"3794","2012-04-23",10
"3797","2012-04-26",10
"3881","2012-07-23",10
"3958","2012-10-08",10
"3973","2012-10-23",10
"3987","2012-11-06",10
"3989","2012-11-08",10
"4055","2013-01-13",10
"4073","2013-01-31",10
"4075","2013-02-02",10
"4111","2013-03-11",10
"4150","2013-04-19",10
"4236","2013-07-15",10
"4242","2013-07-21",10
"4487","2014-03-28",10
"9","2001-08-29",11
"12","2001-09-01",11
"13","2001-09-02",11
"27","2001-09-16",11
"61","2001-10-24",11
"150","2002-01-23",11
"169","2002-02-11",11
"179","2002-02-21",11
"184","2002-02-26",11
"196","2002-03-10",11
"216","2002-03-30",11
"247","2002-04-30",11
"294","2002-06-16",11
"299","2002-06-21",11
"314","2002-07-06",11
"322","2002-07-14",11
"328","2002-07-20",11
"333","2002-07-25",11
"344","2002-08-05",11
"493","2003-01-15",11
"530","2003-02-22",11
"572","2003-04-05",11
"584","2003-04-17",11
"665","2003-07-23",11
"704","2003-08-31",11
"710","2003-09-06",11
"719","2003-09-15",11
"743","2003-10-09",11
"761","2003-10-27",11
"800","2003-12-05",11
"853","2004-01-27",11
"1239","2005-03-01",11
"1257","2005-03-20",11
"1264","2005-03-27",11
"1331","2005-06-02",11
"1439","2005-09-18",11
"1518","2005-12-06",11
"1591","2006-02-19",11
"1640","2006-04-10",11
"2198","2007-11-15",11
"2423","2008-07-09",11
"2495","2008-09-19",11
"2536","2008-10-30",11
"2539","2008-11-02",11
"2569","2008-12-02",11
"2579","2008-12-12",11
"2580","2008-12-13",11
"2586","2008-12-19",11
"2602","2009-01-04",11
"2609","2009-01-11",11
"2612","2009-01-14",11
"2620","2009-01-22",11
"2621","2009-01-23",11
"2622","2009-01-24",11
"2623","2009-01-25",11
"2624","2009-01-26",11
"2625","2009-01-27",11
"2638","2009-02-09",11
"2659","2009-03-02",11
"2680","2009-03-23",11
"2797","2009-07-18",11
"2800","2009-07-21",11
"2803","2009-07-24",11
"2844","2009-09-03",11
"2914","2009-11-13",11
"2958","2009-12-27",11
"2998","2010-02-05",11
"3003","2010-02-10",11
"3018","2010-02-25",11
"3024","2010-03-03",11
"3039","2010-03-18",11
"3054","2010-04-04",11
"3064","2010-04-14",11
"3084","2010-05-04",11
"3088","2010-05-08",11
"3125","2010-06-14",11
"3157","2010-07-16",11
"3242","2010-10-11",11
"3274","2010-11-12",11
"3413","2011-04-01",11
"3775","2012-04-03",11
"3783","2012-04-11",11
"3849","2012-06-17",11
"3910","2012-08-21",11
"3932","2012-09-12",11
"3993","2012-11-12",11
"4145","2013-04-14",11
"4214","2013-06-23",11
"170","2002-02-12",12
"205","2002-03-19",12
"208","2002-03-22",12
"236","2002-04-19",12
"279","2002-06-01",12
"427","2002-10-28",12
"437","2002-11-07",12
"569","2003-04-02",12
"623","2003-05-28",12
"642","2003-06-16",12
"652","2003-06-26",12
"666","2003-07-24",12
"668","2003-07-26",12
"679","2003-08-06",12
"694","2003-08-21",12
"699","2003-08-26",12
"756","2003-10-22",12
"763","2003-10-29",12
"789","2003-11-24",12
"795","2003-11-30",12
"1189","2005-01-09",12
"1471","2005-10-20",12
"2528","2008-10-22",12
"2583","2008-12-16",12
"2587","2008-12-20",12
"2631","2009-02-02",12
"2661","2009-03-04",12
"2702","2009-04-14",12
"2722","2009-05-04",12
"2732","2009-05-14",12
"2793","2009-07-14",12
"2796","2009-07-17",12
"2799","2009-07-20",12
"2868","2009-09-27",12
"2915","2009-11-14",12
"2941","2009-12-10",12
"2977","2010-01-15",12
"3041","2010-03-20",12
"3044","2010-03-23",12
"3060","2010-04-10",12
"3527","2011-07-24",12
"3721","2012-02-05",12
"3769","2012-03-28",12
"4235","2013-07-14",12
"8","2001-08-28",13
"19","2001-09-08",13
"20","2001-09-09",13
"33","2001-09-22",13
"201","2002-03-15",13
"209","2002-03-23",13
"224","2002-04-07",13
"256","2002-05-09",13
"281","2002-06-03",13
"663","2003-07-21",13
"670","2003-07-28",13
"671","2003-07-29",13
"683","2003-08-10",13
"686","2003-08-13",13
"688","2003-08-15",13
"691","2003-08-18",13
"700","2003-08-27",13
"702","2003-08-29",13
"705","2003-09-01",13
"752","2003-10-18",13
"760","2003-10-26",13
"764","2003-10-30",13
"778","2003-11-13",13
"786","2003-11-21",13
"1329","2005-05-31",13
"1411","2005-08-21",13
"1440","2005-09-19",13
"2298","2008-03-02",13
"2513","2008-10-07",13
"2527","2008-10-21",13
"2549","2008-11-12",13
"2626","2009-01-28",13
"2664","2009-03-07",13
"2671","2009-03-14",13
"2716","2009-04-28",13
"2723","2009-05-05",13
"2759","2009-06-10",13
"2826","2009-08-16",13
"2837","2009-08-27",13
"2848","2009-09-07",13
"3008","2010-02-15",13
"3012","2010-02-19",13
"3080","2010-04-30",13
"3149","2010-07-08",13
"3246","2010-10-15",13
"3378","2011-02-25",13
"4221","2013-06-30",13
"4245","2013-07-24",13
"15","2001-09-04",14
"34","2001-09-23",14
"148","2002-01-21",14
"696","2003-08-23",14
"715","2003-09-11",14
"788","2003-11-23",14
"809","2003-12-14",14
"837","2004-01-11",14
"2533","2008-10-27",14
"2548","2008-11-11",14
"2554","2008-11-17",14
"2614","2009-01-16",14
"2619","2009-01-21",14
"2655","2009-02-26",14
"2695","2009-04-07",14
"2850","2009-09-09",14
"2943","2009-12-12",14
"3015","2010-02-22",14
"3040","2010-03-19",14
"3530","2011-07-27",14
"3824","2012-05-23",14
"11","2001-08-31",15
"175","2002-02-17",15
"178","2002-02-20",15
"318","2002-07-10",15
"673","2003-07-31",15
"684","2003-08-11",15
"692","2003-08-19",15
"804","2003-12-09",15
"836","2004-01-10",15
"2618","2009-01-20",15
"2670","2009-03-13",15
"2683","2009-03-26",15
"2703","2009-04-15",15
"2743","2009-05-25",15
"2761","2009-06-12",15
"2766","2009-06-17",15
"3376","2011-02-23",15
"16","2001-09-05",16
"18","2001-09-07",16
"685","2003-08-12",16
"734","2003-09-30",16
"2654","2009-02-25",16
"3850","2012-06-18",16
"5","2001-08-25",17
"235","2002-04-18",17
"662","2003-07-20",17
"728","2003-09-24",17
"2717","2009-04-29",17
"177","2002-02-19",18
"680","2003-08-07",18
"2555","2008-11-18",18
"3065","2010-04-15",18
"3179","2010-08-07",18
"10","2001-08-30",19
"689","2003-08-16",19
"713","2003-09-09",19
"2681","2009-03-24",19
"22","2001-09-11",20
"2544","2008-11-07",20
"3016","2010-02-23",20
"687","2003-08-14",21
"690","2003-08-17",21
"3988","2012-11-07",21
"7","2001-08-27",22
"677","2003-08-04",22
"17","2001-09-06",23
"23","2001-09-12",25
"24","2001-09-13",27
"2543","2008-11-06",32
"2551","2008-11-14",73
"2552","2008-11-15",78
"2542","2008-11-05",143
